REGION	POS	REF	ALT	REF_DP	REF_RV	REF_QUAL	ALT_DP	ALT_RV	ALT_QUAL	ALT_FREQ	TOTAL_DP	PVAL	PASS	GFF_FEATURE	REF_CODON	REF_AA	ALT_CODON	ALT_AA	POS_AA
NC_045512.2	2903	A	C	110	10	39	1	0	24	0.00900901	111	0.753394	FALSE	NA	NA	NA	NA	NA	NA
NC_045512.2	2923	A	C	123	13	39	1	0	24	0.00806452	124	0.753036	FALSE	NA	NA	NA	NA	NA	NA
NC_045512.2	2959	T	G	193	35	39	1	1	40	0.00515464	194	0.501292	FALSE	NA	NA	NA	NA	NA	NA
NC_045512.2	2967	G	A	217	42	39	1	1	40	0.00458716	218	0.501149	FALSE	NA	NA	NA	NA	NA	NA
NC_045512.2	2977	A	C	243	62	39	1	0	24	0.00409836	244	0.876538	FALSE	NA	NA	NA	NA	NA	NA
NC_045512.2	3003	A	G	263	78	39	1	0	40	0.00378788	264	0.500949	FALSE	NA	NA	NA	NA	NA	NA
NC_045512.2	3005	T	G	267	77	39	1	1	24	0.00373134	268	0.876401	FALSE	NA	NA	NA	NA	NA	NA
NC_045512.2	3020	C	A	251	98	38	1	0	24	0.00396825	252	0.87649	FALSE	NA	NA	NA	NA	NA	NA
NC_045512.2	3026	T	C	258	103	39	1	0	40	0.003861	259	0.500967	FALSE	NA	NA	NA	NA	NA	NA
NC_045512.2	3035	T	C	244	111	39	1	1	40	0.00408163	245	0.501022	FALSE	NA	NA	NA	NA	NA	NA
NC_045512.2	3037	C	T	0	0	0	247	115	39	1	247	1.08982e-147	TRUE	NA	NA	NA	NA	NA	NA
NC_045512.2	3072	G	T	263	154	39	1	1	24	0.00378788	264	0.876422	FALSE	NA	NA	NA	NA	NA	NA
NC_045512.2	3078	A	C	264	163	39	1	0	40	0.00377358	265	0.500945	FALSE	NA	NA	NA	NA	NA	NA
NC_045512.2	3100	T	G	275	197	39	1	1	24	0.00362319	276	0.87636	FALSE	NA	NA	NA	NA	NA	NA
NC_045512.2	3147	A	C	195	158	39	1	0	40	0.00510204	196	0.501279	FALSE	NA	NA	NA	NA	NA	NA
NC_045512.2	3148	A	C	194	157	39	1	0	40	0.00512821	195	0.501285	FALSE	NA	NA	NA	NA	NA	NA
NC_045512.2	3151	T	C	185	149	39	2	2	32	0.0106952	187	0.25067	FALSE	NA	NA	NA	NA	NA	NA
NC_045512.2	3179	G	T	137	118	36	2	2	24	0.0143885	139	0.502717	FALSE	NA	NA	NA	NA	NA	NA
NC_045512.2	3211	T	G	94	81	38	1	1	24	0.0105263	95	0.502646	FALSE	NA	NA	NA	NA	NA	NA
NC_045512.2	3222	A	G	64	54	39	2	2	40	0.030303	66	0.251908	FALSE	NA	NA	NA	NA	NA	NA
NC_045512.2	3565	T	C	0	0	0	149	12	39	1	149	8.50401e-89	TRUE	NA	NA	NA	NA	NA	NA
NC_045512.2	3602	C	T	240	25	39	1	0	40	0.00414938	241	0.50104	FALSE	NA	NA	NA	NA	NA	NA
NC_045512.2	3636	A	G	326	70	39	1	0	40	0.0030581	327	0.500766	FALSE	NA	NA	NA	NA	NA	NA
NC_045512.2	3641	G	A	364	87	39	1	1	40	0.00273973	365	0.500686	FALSE	NA	NA	NA	NA	NA	NA
NC_045512.2	3673	A	G	389	103	39	1	1	40	0.0025641	390	0.500642	FALSE	NA	NA	NA	NA	NA	NA
NC_045512.2	3693	T	G	358	114	39	1	1	24	0.00278552	359	0.93837	FALSE	NA	NA	NA	NA	NA	NA
NC_045512.2	3694	T	G	340	113	39	1	1	24	0.00293255	341	0.938416	FALSE	NA	NA	NA	NA	NA	NA
NC_045512.2	3698	C	G	330	116	38	1	0	40	0.00301205	332	0.5	FALSE	NA	NA	NA	NA	NA	NA
NC_045512.2	3698	C	A	330	116	38	1	0	24	0.00301205	332	0.938067	FALSE	NA	NA	NA	NA	NA	NA
NC_045512.2	3718	T	C	321	151	39	1	1	40	0.00310559	322	0.500778	FALSE	NA	NA	NA	NA	NA	NA
NC_045512.2	3719	G	A	321	151	39	1	0	40	0.00310559	322	0.500778	FALSE	NA	NA	NA	NA	NA	NA
NC_045512.2	3720	G	C	319	149	38	1	1	40	0.003125	320	0.500782	FALSE	NA	NA	NA	NA	NA	NA
NC_045512.2	3767	A	C	340	262	39	1	1	40	0.00293255	341	0.500734	FALSE	NA	NA	NA	NA	NA	NA
NC_045512.2	3772	T	G	318	246	39	1	0	40	0.0031348	319	0.500785	FALSE	NA	NA	NA	NA	NA	NA
NC_045512.2	3781	T	C	315	245	39	1	1	40	0.00316456	316	0.500792	FALSE	NA	NA	NA	NA	NA	NA
NC_045512.2	3810	T	G	241	207	39	1	1	24	0.00411523	243	0.875776	FALSE	NA	NA	NA	NA	NA	NA
NC_045512.2	3810	T	C	241	207	39	1	1	40	0.00411523	243	0.5	FALSE	NA	NA	NA	NA	NA	NA
NC_045512.2	3844	G	T	213	192	39	2	2	24	0.00930233	215	0.69013	FALSE	NA	NA	NA	NA	NA	NA
NC_045512.2	3853	A	C	208	187	39	1	1	40	0.00478469	209	0.501199	FALSE	NA	NA	NA	NA	NA	NA
NC_045512.2	3855	A	G	206	186	39	1	1	40	0.00483092	207	0.501211	FALSE	NA	NA	NA	NA	NA	NA
NC_045512.2	10255	G	A	418	35	39	3	3	40	0.00712589	421	0.124999	FALSE	NA	NA	NA	NA	NA	NA
NC_045512.2	10256	G	T	486	41	39	1	0	40	0.00205339	487	0.500514	FALSE	NA	NA	NA	NA	NA	NA
NC_045512.2	10258	A	C	485	43	39	1	0	24	0.00205761	486	0.969231	FALSE	NA	NA	NA	NA	NA	NA
NC_045512.2	10279	C	T	1359	120	39	1	0	40	0.000735294	1360	0.500184	FALSE	NA	NA	NA	NA	NA	NA
NC_045512.2	10280	A	C	1348	110	38	1	1	40	0.00074129	1349	0.500185	FALSE	NA	NA	NA	NA	NA	NA
NC_045512.2	10281	G	T	1459	85	39	3	3	24	0.00205198	1462	0.998862	FALSE	NA	NA	NA	NA	NA	NA
NC_045512.2	10286	A	C	1562	171	39	1	0	24	0.000639795	1563	0.999985	FALSE	NA	NA	NA	NA	NA	NA
NC_045512.2	10295	T	C	1615	199	39	1	1	40	0.000618812	1616	0.500155	FALSE	NA	NA	NA	NA	NA	NA
NC_045512.2	10298	A	G	1696	213	39	1	0	40	0.000589275	1697	0.500147	FALSE	NA	NA	NA	NA	NA	NA
NC_045512.2	10303	A	G	1720	224	39	1	0	40	0.000581058	1721	0.500145	FALSE	NA	NA	NA	NA	NA	NA
NC_045512.2	10304	A	G	1723	226	39	1	0	24	0.000580046	1724	0.999996	FALSE	NA	NA	NA	NA	NA	NA
NC_045512.2	10305	A	C	1804	238	39	1	0	24	0.000554017	1805	0.999998	FALSE	NA	NA	NA	NA	NA	NA
NC_045512.2	10309	T	C	1838	253	39	1	0	40	0.000543774	1839	0.500136	FALSE	NA	NA	NA	NA	NA	NA
NC_045512.2	10310	G	C	1838	252	39	1	1	24	0.000543478	1840	0.999998	FALSE	NA	NA	NA	NA	NA	NA
NC_045512.2	10310	G	A	1838	252	39	1	0	40	0.000543478	1840	0.5	FALSE	NA	NA	NA	NA	NA	NA
NC_045512.2	10312	A	C	1837	256	38	1	0	24	0.00054407	1838	0.999998	FALSE	NA	NA	NA	NA	NA	NA
NC_045512.2	10316	A	T	1854	261	39	1	0	40	0.000539084	1855	0.500135	FALSE	NA	NA	NA	NA	NA	NA
NC_045512.2	10319	C	G	2087	333	39	3	0	40	0.00143541	2090	0.125	FALSE	NA	NA	NA	NA	NA	NA
NC_045512.2	10320	T	C	2083	330	39	1	1	24	0.000479846	2084	1	FALSE	NA	NA	NA	NA	NA	NA
NC_045512.2	10323	A	G	2085	332	39	1	0	24	0.000479386	2086	1	FALSE	NA	NA	NA	NA	NA	NA
NC_045512.2	10331	A	G	2285	416	39	1	1	24	0.000437445	2286	1	FALSE	NA	NA	NA	NA	NA	NA
NC_045512.2	10333	A	G	2313	423	39	1	0	40	0.000432152	2314	0.500108	FALSE	NA	NA	NA	NA	NA	NA
NC_045512.2	10336	C	T	2403	505	39	1	1	24	0.000415973	2404	1	FALSE	NA	NA	NA	NA	NA	NA
NC_045512.2	10343	A	G	2492	532	39	12	0	33	0.00479042	2505	0.00640996	TRUE	NA	NA	NA	NA	NA	NA
NC_045512.2	10343	A	C	2492	532	39	1	0	24	0.000399202	2505	1	FALSE	NA	NA	NA	NA	NA	NA
NC_045512.2	10344	A	C	2518	533	39	2	0	40	0.000793651	2520	0.25005	FALSE	NA	NA	NA	NA	NA	NA
NC_045512.2	10345	G	T	2530	534	39	2	0	24	0.000789889	2532	1	FALSE	NA	NA	NA	NA	NA	NA
NC_045512.2	10347	C	G	2579	580	39	1	0	40	0.000387597	2580	0.500097	FALSE	NA	NA	NA	NA	NA	NA
NC_045512.2	10351	T	C	2649	609	39	1	1	40	0.000377358	2650	0.500094	FALSE	NA	NA	NA	NA	NA	NA
NC_045512.2	10352	A	G	2709	640	39	1	0	40	0.000369004	2710	0.500092	FALSE	NA	NA	NA	NA	NA	NA
NC_045512.2	10353	A	G	2719	642	39	2	0	40	0.000734754	2722	0.249954	FALSE	NA	NA	NA	NA	NA	NA
NC_045512.2	10353	A	C	2719	642	39	1	0	24	0.000367377	2722	1	FALSE	NA	NA	NA	NA	NA	NA
NC_045512.2	10357	T	C	2882	665	39	1	1	40	0.000346861	2883	0.500087	FALSE	NA	NA	NA	NA	NA	NA
NC_045512.2	10358	A	G	2871	670	39	4	0	40	0.0013913	2875	0.0624782	FALSE	NA	NA	NA	NA	NA	NA
NC_045512.2	10361	T	C	2873	670	39	1	0	24	0.000347947	2874	1	FALSE	NA	NA	NA	NA	NA	NA
NC_045512.2	10362	T	C	2874	671	39	1	0	40	0.000347826	2875	0.500087	FALSE	NA	NA	NA	NA	NA	NA
NC_045512.2	10363	T	G	2847	660	39	2	0	32	0.000701508	2851	0.687434	FALSE	NA	NA	NA	NA	NA	NA
NC_045512.2	10363	T	C	2847	660	39	2	2	40	0.000701508	2851	0.249868	FALSE	NA	NA	NA	NA	NA	NA
NC_045512.2	10364	G	T	2846	662	39	1	0	40	0.000351247	2847	0.500088	FALSE	NA	NA	NA	NA	NA	NA
NC_045512.2	10365	T	G	2856	664	39	1	0	24	0.000350018	2857	1	FALSE	NA	NA	NA	NA	NA	NA
NC_045512.2	10371	T	G	3396	1177	39	1	0	40	0.000294291	3398	0.5	FALSE	NA	NA	NA	NA	NA	NA
NC_045512.2	10371	T	C	3396	1177	39	1	0	24	0.000294291	3398	1	FALSE	NA	NA	NA	NA	NA	NA
NC_045512.2	10372	T	C	3391	1172	39	2	2	40	0.000589449	3393	0.250037	FALSE	NA	NA	NA	NA	NA	NA
NC_045512.2	10376	C	A	3310	1201	37	4	0	24	0.001207	3314	1	FALSE	NA	NA	NA	NA	NA	NA
NC_045512.2	10379	G	T	3427	1203	39	1	1	24	0.000291715	3428	1	FALSE	NA	NA	NA	NA	NA	NA
NC_045512.2	10382	C	T	3371	1221	39	1	1	24	0.000296472	3373	1	FALSE	NA	NA	NA	NA	NA	NA
NC_045512.2	10382	C	G	3371	1221	39	1	1	24	0.000296472	3373	1	FALSE	NA	NA	NA	NA	NA	NA
NC_045512.2	10383	A	G	3369	1220	39	1	1	40	0.000296736	3370	0.500074	FALSE	NA	NA	NA	NA	NA	NA
NC_045512.2	10385	A	G	3393	1226	39	1	0	40	0.000294551	3395	0.5	FALSE	NA	NA	NA	NA	NA	NA
NC_045512.2	10385	A	C	3393	1226	39	1	1	40	0.000294551	3395	0.5	FALSE	NA	NA	NA	NA	NA	NA
NC_045512.2	10386	C	-T	3322	1232	39	1	0	20	0.000301023	3322	1	FALSE	NA	NA	NA	NA	NA	NA
NC_045512.2	10387	T	G	3304	1229	39	1	0	40	0.000302206	3309	0.499698	FALSE	NA	NA	NA	NA	NA	NA
NC_045512.2	10387	T	C	3304	1229	39	4	2	32	0.00120882	3309	0.499835	FALSE	NA	NA	NA	NA	NA	NA
NC_045512.2	10388	T	G	3286	1215	39	1	1	24	0.000304229	3287	1	FALSE	NA	NA	NA	NA	NA	NA
NC_045512.2	10389	T	C	3281	1207	39	1	0	40	0.000304692	3282	0.500076	FALSE	NA	NA	NA	NA	NA	NA
NC_045512.2	10390	T	C	3281	1206	39	1	0	40	0.000304692	3282	0.500076	FALSE	NA	NA	NA	NA	NA	NA
NC_045512.2	10392	C	A	3219	1220	39	1	0	24	0.000310559	3220	1	FALSE	NA	NA	NA	NA	NA	NA
NC_045512.2	10393	A	G	3226	1205	39	1	0	24	0.000309693	3229	1	FALSE	NA	NA	NA	NA	NA	NA
NC_045512.2	10393	A	C	3226	1205	39	2	2	40	0.000619387	3229	0.249961	FALSE	NA	NA	NA	NA	NA	NA
NC_045512.2	10398	T	G	3325	1257	39	1	0	24	0.000300661	3326	1	FALSE	NA	NA	NA	NA	NA	NA
NC_045512.2	10401	C	A	3326	1327	39	1	0	40	0.000300571	3327	0.500075	FALSE	NA	NA	NA	NA	NA	NA
NC_045512.2	10402	T	G	3353	1341	39	1	0	24	0.000298151	3354	1	FALSE	NA	NA	NA	NA	NA	NA
NC_045512.2	10403	T	C	3351	1356	39	1	1	40	0.000298329	3352	0.500075	FALSE	NA	NA	NA	NA	NA	NA
NC_045512.2	10406	T	G	3333	1352	39	1	0	40	0.00029985	3335	0.5	FALSE	NA	NA	NA	NA	NA	NA
NC_045512.2	10406	T	C	3333	1352	39	1	0	40	0.00029985	3335	0.5	FALSE	NA	NA	NA	NA	NA	NA
NC_045512.2	10412	G	C	2997	1436	39	2	2	40	0.000666889	2999	0.250042	FALSE	NA	NA	NA	NA	NA	NA
NC_045512.2	10414	T	C	2984	1449	39	1	1	40	0.000335008	2985	0.500084	FALSE	NA	NA	NA	NA	NA	NA
NC_045512.2	10415	T	C	3013	1475	39	1	1	24	0.000331785	3014	1	FALSE	NA	NA	NA	NA	NA	NA
NC_045512.2	10416	C	T	2927	1479	39	1	0	40	0.00034153	2928	0.500085	FALSE	NA	NA	NA	NA	NA	NA
NC_045512.2	10417	A	G	2932	1488	39	1	0	40	0.000340948	2933	0.500085	FALSE	NA	NA	NA	NA	NA	NA
NC_045512.2	10420	A	G	2977	1532	39	1	0	40	0.000335683	2979	0.5	FALSE	NA	NA	NA	NA	NA	NA
NC_045512.2	10420	A	C	2977	1532	39	1	1	40	0.000335683	2979	0.5	FALSE	NA	NA	NA	NA	NA	NA
NC_045512.2	10421	T	G	2988	1542	39	3	0	34	0.00100301	2991	0.500157	FALSE	NA	NA	NA	NA	NA	NA
NC_045512.2	10425	G	T	2937	1569	39	1	1	24	0.000340368	2938	1	FALSE	NA	NA	NA	NA	NA	NA
NC_045512.2	10431	A	G	2818	1593	39	3	1	40	0.00106345	2821	0.125	FALSE	NA	NA	NA	NA	NA	NA
NC_045512.2	10432	C	T	2886	1753	39	3	1	40	0.00103842	2889	0.125	FALSE	NA	NA	NA	NA	NA	NA
NC_045512.2	10434	A	G	2817	1710	39	1	0	40	0.000354862	2818	0.500089	FALSE	NA	NA	NA	NA	NA	NA
NC_045512.2	10435	A	G	2814	1718	39	1	0	40	0.00035524	2815	0.500089	FALSE	NA	NA	NA	NA	NA	NA
NC_045512.2	10436	T	G	2797	1699	39	5	1	36	0.00178444	2802	0.226562	FALSE	NA	NA	NA	NA	NA	NA
NC_045512.2	10437	G	C	2765	1669	39	13	13	36	0.00467794	2779	0.00365523	TRUE	NA	NA	NA	NA	NA	NA
NC_045512.2	10437	G	A	2765	1669	39	1	1	24	0.000359842	2779	1	FALSE	NA	NA	NA	NA	NA	NA
NC_045512.2	10439	G	A	3068	1967	39	1	0	24	0.000325839	3069	1	FALSE	NA	NA	NA	NA	NA	NA
NC_045512.2	10443	T	G	3187	2086	39	1	1	24	0.000313676	3188	1	FALSE	NA	NA	NA	NA	NA	NA
NC_045512.2	10444	G	T	2566	1473	33	14	14	25	0.00542636	2580	0.973894	FALSE	NA	NA	NA	NA	NA	NA
NC_045512.2	10445	A	G	3188	2105	39	1	0	24	0.000313578	3189	1	FALSE	NA	NA	NA	NA	NA	NA
NC_045512.2	10447	G	A	0	0	0	3167	2087	39	1	3167	0	TRUE	NA	NA	NA	NA	NA	NA
NC_045512.2	10449	C	A	0	0	0	3092	2079	39	1	3092	0	TRUE	NA	NA	NA	NA	NA	NA
NC_045512.2	10451	A	G	3214	2184	39	2	0	40	0.000621697	3217	0.249961	FALSE	NA	NA	NA	NA	NA	NA
NC_045512.2	10451	A	C	3214	2184	39	1	0	24	0.000310849	3217	1	FALSE	NA	NA	NA	NA	NA	NA
NC_045512.2	10452	A	G	3427	2395	39	1	1	40	0.000291545	3430	0.499927	FALSE	NA	NA	NA	NA	NA	NA
NC_045512.2	10452	A	C	3427	2395	39	2	2	40	0.00058309	3430	0.249964	FALSE	NA	NA	NA	NA	NA	NA
NC_045512.2	10453	T	C	3419	2386	39	1	1	40	0.000292398	3420	0.500073	FALSE	NA	NA	NA	NA	NA	NA
NC_045512.2	10454	T	G	3488	2461	39	1	1	24	0.000286615	3489	1	FALSE	NA	NA	NA	NA	NA	NA
NC_045512.2	10455	T	G	3502	2478	39	2	1	24	0.000570288	3507	1	FALSE	NA	NA	NA	NA	NA	NA
NC_045512.2	10455	T	C	3502	2478	39	3	2	40	0.000855432	3507	0.124893	FALSE	NA	NA	NA	NA	NA	NA
NC_045512.2	10457	A	G	3448	2490	39	1	0	40	0.000289939	3449	0.500072	FALSE	NA	NA	NA	NA	NA	NA
NC_045512.2	10458	C	A	3416	2488	39	1	0	24	0.000292654	3417	1	FALSE	NA	NA	NA	NA	NA	NA
NC_045512.2	10459	T	G	3419	2466	39	2	2	24	0.000584454	3422	1	FALSE	NA	NA	NA	NA	NA	NA
NC_045512.2	10459	T	C	3419	2466	39	1	1	40	0.000292227	3422	0.499927	FALSE	NA	NA	NA	NA	NA	NA
NC_045512.2	10461	T	C	3432	2480	39	1	0	24	0.00029129	3433	1	FALSE	NA	NA	NA	NA	NA	NA
NC_045512.2	10462	T	G	3421	2464	39	2	2	24	0.000584283	3423	1	FALSE	NA	NA	NA	NA	NA	NA
NC_045512.2	10464	A	G	3407	2473	39	1	1	40	0.000293427	3408	0.500073	FALSE	NA	NA	NA	NA	NA	NA
NC_045512.2	10465	G	T	3320	2372	37	3	3	24	0.000902799	3323	1	FALSE	NA	NA	NA	NA	NA	NA
NC_045512.2	10466	G	C	3419	2475	39	1	1	40	0.000292227	3422	0.499927	FALSE	NA	NA	NA	NA	NA	NA
NC_045512.2	10466	G	A	3419	2475	39	2	1	32	0.000584454	3422	0.812591	FALSE	NA	NA	NA	NA	NA	NA
NC_045512.2	10468	T	G	3363	2464	39	1	1	24	0.000297177	3365	1	FALSE	NA	NA	NA	NA	NA	NA
NC_045512.2	10468	T	C	3363	2464	39	1	1	40	0.000297177	3365	0.5	FALSE	NA	NA	NA	NA	NA	NA
NC_045512.2	10469	T	G	3216	2427	39	1	1	24	0.000310559	3220	1	FALSE	NA	NA	NA	NA	NA	NA
NC_045512.2	10469	T	C	3216	2427	39	3	2	34	0.000931677	3220	0.656323	FALSE	NA	NA	NA	NA	NA	NA
NC_045512.2	10470	C	G	3224	2436	39	1	0	40	0.000309981	3226	0.5	FALSE	NA	NA	NA	NA	NA	NA
NC_045512.2	10470	C	A	3224	2436	39	1	1	40	0.000309981	3226	0.5	FALSE	NA	NA	NA	NA	NA	NA
NC_045512.2	10471	A	C	3222	2440	39	1	1	40	0.00031027	3223	0.500078	FALSE	NA	NA	NA	NA	NA	NA
NC_045512.2	10472	T	G	3226	2436	39	1	1	40	0.000309885	3227	0.500077	FALSE	NA	NA	NA	NA	NA	NA
NC_045512.2	10473	T	G	3228	2437	39	1	1	40	0.000309598	3230	0.5	FALSE	NA	NA	NA	NA	NA	NA
NC_045512.2	10473	T	C	3228	2437	39	1	1	40	0.000309598	3230	0.5	FALSE	NA	NA	NA	NA	NA	NA
NC_045512.2	10476	T	G	3089	2379	39	1	1	24	0.000323625	3090	1	FALSE	NA	NA	NA	NA	NA	NA
NC_045512.2	10481	G	C	3092	2395	39	2	2	32	0.000646204	3095	0.812601	FALSE	NA	NA	NA	NA	NA	NA
NC_045512.2	10481	G	A	3092	2395	39	1	1	24	0.000323102	3095	1	FALSE	NA	NA	NA	NA	NA	NA
NC_045512.2	10483	T	C	2941	2269	39	1	1	24	0.000339905	2942	1	FALSE	NA	NA	NA	NA	NA	NA
NC_045512.2	10484	T	C	2938	2283	39	1	1	24	0.000340252	2939	1	FALSE	NA	NA	NA	NA	NA	NA
NC_045512.2	10485	C	G	2932	2287	39	1	0	40	0.000340948	2933	0.500085	FALSE	NA	NA	NA	NA	NA	NA
NC_045512.2	10486	A	C	2933	2291	39	1	1	40	0.000340832	2934	0.500085	FALSE	NA	NA	NA	NA	NA	NA
NC_045512.2	10489	T	A	2906	2279	39	1	0	40	0.000343997	2907	0.500086	FALSE	NA	NA	NA	NA	NA	NA
NC_045512.2	10491	G	T	2729	2161	37	4	4	24	0.00146252	2735	0.999998	FALSE	NA	NA	NA	NA	NA	NA
NC_045512.2	10491	G	C	2729	2161	37	1	1	40	0.000365631	2735	0.499634	FALSE	NA	NA	NA	NA	NA	NA
NC_045512.2	10491	G	A	2729	2161	37	1	1	40	0.000365631	2735	0.499634	FALSE	NA	NA	NA	NA	NA	NA
NC_045512.2	10495	T	C	2782	2234	39	1	0	40	0.000359324	2783	0.50009	FALSE	NA	NA	NA	NA	NA	NA
NC_045512.2	10500	G	C	2680	2171	39	2	2	40	0.000745712	2682	0.250047	FALSE	NA	NA	NA	NA	NA	NA
NC_045512.2	10500	G	-T	2680	2171	39	1	0	20	0.000372856	2682	1	FALSE	NA	NA	NA	NA	NA	NA
NC_045512.2	10505	A	C	2514	2161	39	2	2	40	0.000794913	2516	0.25005	FALSE	NA	NA	NA	NA	NA	NA
NC_045512.2	10506	A	G	2509	2145	39	3	3	29	0.0011919	2517	0.999999	FALSE	NA	NA	NA	NA	NA	NA
NC_045512.2	10506	A	C	2509	2145	39	5	5	27	0.00198649	2517	0.999971	FALSE	NA	NA	NA	NA	NA	NA
NC_045512.2	10508	A	C	2496	2139	39	2	2	40	0.000800641	2498	0.25005	FALSE	NA	NA	NA	NA	NA	NA
NC_045512.2	10509	T	G	2483	2124	38	1	1	24	0.000402576	2484	1	FALSE	NA	NA	NA	NA	NA	NA
NC_045512.2	10514	T	G	2470	2119	39	1	0	24	0.000404531	2472	1	FALSE	NA	NA	NA	NA	NA	NA
NC_045512.2	10514	T	C	2470	2119	39	1	1	24	0.000404531	2472	1	FALSE	NA	NA	NA	NA	NA	NA
NC_045512.2	10515	A	C	2473	2128	39	1	0	24	0.000404204	2474	1	FALSE	NA	NA	NA	NA	NA	NA
NC_045512.2	10520	T	C	1854	1574	39	5	5	33	0.00268962	1859	0.109312	FALSE	NA	NA	NA	NA	NA	NA
NC_045512.2	10522	T	C	1841	1564	39	2	2	32	0.00108519	1843	0.500204	FALSE	NA	NA	NA	NA	NA	NA
NC_045512.2	10524	T	G	1832	1557	39	1	0	40	0.000545554	1833	0.500136	FALSE	NA	NA	NA	NA	NA	NA
NC_045512.2	10527	C	-T	1821	1562	39	1	0	20	0.000549149	1821	0.999998	FALSE	NA	NA	NA	NA	NA	NA
NC_045512.2	10531	T	G	1779	1529	39	1	1	24	0.000561798	1780	0.999996	FALSE	NA	NA	NA	NA	NA	NA
NC_045512.2	10536	A	G	1757	1528	39	1	1	24	0.000568828	1758	0.999996	FALSE	NA	NA	NA	NA	NA	NA
NC_045512.2	10537	C	A	1746	1526	39	1	0	24	0.00057241	1747	0.999996	FALSE	NA	NA	NA	NA	NA	NA
NC_045512.2	10539	T	G	1744	1521	39	1	1	24	0.000573066	1745	0.999996	FALSE	NA	NA	NA	NA	NA	NA
NC_045512.2	10543	C	T	1737	1515	39	1	1	40	0.000575043	1739	0.5	FALSE	NA	NA	NA	NA	NA	NA
NC_045512.2	10543	C	A	1737	1515	39	1	1	24	0.000575043	1739	0.999996	FALSE	NA	NA	NA	NA	NA	NA
NC_045512.2	10548	T	G	1663	1478	39	1	0	40	0.000600962	1664	0.50015	FALSE	NA	NA	NA	NA	NA	NA
NC_045512.2	10584	T	G	933	875	39	1	1	24	0.00107066	934	0.999052	FALSE	NA	NA	NA	NA	NA	NA
NC_045512.2	12598	T	G	17	8	40	1	1	40	0.0555556	18	0.514286	FALSE	NA	NA	NA	NA	NA	NA
NC_045512.2	12639	C	G	24	16	38	1	0	24	0.04	25	0.510204	FALSE	NA	NA	NA	NA	NA	NA
NC_045512.2	12789	C	T	0	0	0	3	3	34	1	3	0.1	FALSE	NA	NA	NA	NA	NA	NA
NC_045512.2	13113	A	C	501	37	39	1	0	40	0.00199203	502	0.500499	FALSE	NA	NA	NA	NA	NA	NA
NC_045512.2	13116	T	C	505	36	39	1	0	40	0.00197628	506	0.500495	FALSE	NA	NA	NA	NA	NA	NA
NC_045512.2	13165	A	G	1220	136	39	1	0	40	0.000819001	1221	0.500205	FALSE	NA	NA	NA	NA	NA	NA
NC_045512.2	13169	A	G	1513	161	39	1	0	40	0.000660502	1514	0.500165	FALSE	NA	NA	NA	NA	NA	NA
NC_045512.2	13173	G	A	1657	184	39	1	0	40	0.000603136	1658	0.500151	FALSE	NA	NA	NA	NA	NA	NA
NC_045512.2	13174	T	G	1649	187	39	1	0	40	0.000606061	1650	0.500152	FALSE	NA	NA	NA	NA	NA	NA
NC_045512.2	13175	A	C	1651	186	39	1	1	24	0.000605327	1652	0.999993	FALSE	NA	NA	NA	NA	NA	NA
NC_045512.2	13178	G	A	1692	191	39	1	1	40	0.000590667	1693	0.500148	FALSE	NA	NA	NA	NA	NA	NA
NC_045512.2	13179	G	T	1703	197	39	1	0	24	0.000586854	1704	0.999996	FALSE	NA	NA	NA	NA	NA	NA
NC_045512.2	13182	A	G	1739	244	39	1	0	40	0.000574713	1740	0.500144	FALSE	NA	NA	NA	NA	NA	NA
NC_045512.2	13187	A	C	1894	267	39	1	1	24	0.000527704	1895	0.999998	FALSE	NA	NA	NA	NA	NA	NA
NC_045512.2	13192	A	C	1942	273	39	1	0	24	0.000514668	1943	0.999999	FALSE	NA	NA	NA	NA	NA	NA
NC_045512.2	13194	T	G	1965	290	39	1	0	24	0.000508647	1966	0.999999	FALSE	NA	NA	NA	NA	NA	NA
NC_045512.2	13196	A	C	1965	291	39	1	0	24	0.000508647	1966	0.999999	FALSE	NA	NA	NA	NA	NA	NA
NC_045512.2	13199	C	G	1980	302	39	1	0	24	0.000504796	1981	0.999999	FALSE	NA	NA	NA	NA	NA	NA
NC_045512.2	13202	G	T	2014	331	39	1	0	40	0.000496278	2015	0.500124	FALSE	NA	NA	NA	NA	NA	NA
NC_045512.2	13203	A	C	2012	332	39	1	0	40	0.000496771	2013	0.500124	FALSE	NA	NA	NA	NA	NA	NA
NC_045512.2	13204	A	C	2054	338	39	1	0	40	0.000486618	2055	0.500122	FALSE	NA	NA	NA	NA	NA	NA
NC_045512.2	13205	G	T	2066	338	39	2	0	40	0.000966184	2070	0.249819	FALSE	NA	NA	NA	NA	NA	NA
NC_045512.2	13205	G	C	2066	338	39	2	2	24	0.000966184	2070	0.999995	FALSE	NA	NA	NA	NA	NA	NA
NC_045512.2	13206	C	T	2085	357	39	1	0	40	0.000479386	2086	0.50012	FALSE	NA	NA	NA	NA	NA	NA
NC_045512.2	13209	A	C	2136	413	39	1	0	24	0.000467946	2137	1	FALSE	NA	NA	NA	NA	NA	NA
NC_045512.2	13223	T	C	2233	484	39	2	2	32	0.000894855	2235	0.687752	FALSE	NA	NA	NA	NA	NA	NA
NC_045512.2	13228	T	G	2378	625	39	2	0	32	0.000840336	2380	0.687736	FALSE	NA	NA	NA	NA	NA	NA
NC_045512.2	13229	G	C	2382	624	39	2	2	40	0.000838926	2384	0.250052	FALSE	NA	NA	NA	NA	NA	NA
NC_045512.2	13230	G	T	2402	635	38	2	2	24	0.000831947	2404	1	FALSE	NA	NA	NA	NA	NA	NA
NC_045512.2	13231	T	C	2444	673	39	1	0	40	0.000408998	2445	0.500102	FALSE	NA	NA	NA	NA	NA	NA
NC_045512.2	13233	G	A	2439	685	39	1	0	24	0.000409836	2440	1	FALSE	NA	NA	NA	NA	NA	NA
NC_045512.2	13236	C	G	2448	715	39	1	0	24	0.00040833	2449	1	FALSE	NA	NA	NA	NA	NA	NA
NC_045512.2	13238	T	G	2455	722	39	4	0	32	0.00162668	2459	0.343845	FALSE	NA	NA	NA	NA	NA	NA
NC_045512.2	13241	T	G	2465	723	39	2	1	32	0.000810701	2467	0.687728	FALSE	NA	NA	NA	NA	NA	NA
NC_045512.2	13250	T	G	2332	836	39	7	0	37	0.00299273	2339	0.0897384	FALSE	NA	NA	NA	NA	NA	NA
NC_045512.2	13255	C	T	2584	1080	39	1	0	40	0.000386698	2586	0.5	FALSE	NA	NA	NA	NA	NA	NA
NC_045512.2	13255	C	G	2584	1080	39	1	0	40	0.000386698	2586	0.5	FALSE	NA	NA	NA	NA	NA	NA
NC_045512.2	13256	C	T	2578	1082	39	1	0	40	0.000387747	2579	0.500097	FALSE	NA	NA	NA	NA	NA	NA
NC_045512.2	13257	G	A	2581	1084	39	1	1	40	0.000387297	2582	0.500097	FALSE	NA	NA	NA	NA	NA	NA
NC_045512.2	13259	T	G	2514	1050	39	1	1	40	0.000397614	2515	0.500099	FALSE	NA	NA	NA	NA	NA	NA
NC_045512.2	13261	C	T	2531	1089	39	1	0	40	0.000394945	2532	0.500099	FALSE	NA	NA	NA	NA	NA	NA
NC_045512.2	13263	A	G	2618	1205	39	1	0	40	0.000381825	2619	0.500095	FALSE	NA	NA	NA	NA	NA	NA
NC_045512.2	13265	A	G	2606	1208	39	3	0	29	0.00114987	2609	0.999999	FALSE	NA	NA	NA	NA	NA	NA
NC_045512.2	13266	T	G	2608	1188	39	1	1	24	0.000383142	2610	1	FALSE	NA	NA	NA	NA	NA	NA
NC_045512.2	13266	T	C	2608	1188	39	1	1	24	0.000383142	2610	1	FALSE	NA	NA	NA	NA	NA	NA
NC_045512.2	13267	A	C	2622	1207	39	1	0	40	0.000381243	2623	0.500095	FALSE	NA	NA	NA	NA	NA	NA
NC_045512.2	13268	G	A	2572	1196	39	1	1	40	0.000388651	2573	0.500097	FALSE	NA	NA	NA	NA	NA	NA
NC_045512.2	13269	A	C	2612	1251	39	1	0	24	0.000382702	2613	1	FALSE	NA	NA	NA	NA	NA	NA
NC_045512.2	13270	T	C	2593	1225	39	1	1	40	0.000385505	2594	0.500096	FALSE	NA	NA	NA	NA	NA	NA
NC_045512.2	13271	C	T	2648	1285	39	1	1	40	0.000377501	2649	0.500094	FALSE	NA	NA	NA	NA	NA	NA
NC_045512.2	13272	A	G	2632	1288	39	2	2	40	0.000759013	2635	0.249953	FALSE	NA	NA	NA	NA	NA	NA
NC_045512.2	13272	A	C	2632	1288	39	1	0	40	0.000379507	2635	0.499905	FALSE	NA	NA	NA	NA	NA	NA
NC_045512.2	13273	T	C	2662	1330	39	1	1	24	0.000375516	2663	1	FALSE	NA	NA	NA	NA	NA	NA
NC_045512.2	13276	A	C	2651	1342	39	1	1	40	0.000377074	2652	0.500094	FALSE	NA	NA	NA	NA	NA	NA
NC_045512.2	13282	T	G	2616	1376	39	1	1	24	0.000382117	2617	1	FALSE	NA	NA	NA	NA	NA	NA
NC_045512.2	13284	A	C	2615	1381	39	3	3	34	0.00114591	2618	0.500179	FALSE	NA	NA	NA	NA	NA	NA
NC_045512.2	13285	A	G	2616	1384	39	1	0	24	0.000382117	2617	1	FALSE	NA	NA	NA	NA	NA	NA
NC_045512.2	13286	G	T	2590	1348	38	1	1	24	0.000385654	2593	1	FALSE	NA	NA	NA	NA	NA	NA
NC_045512.2	13286	G	C	2590	1348	38	2	2	32	0.000771307	2593	0.687572	FALSE	NA	NA	NA	NA	NA	NA
NC_045512.2	13295	G	C	2648	1505	39	3	3	34	0.00113165	2651	0.500177	FALSE	NA	NA	NA	NA	NA	NA
NC_045512.2	13300	A	C	2599	1540	39	1	1	40	0.000384615	2600	0.500096	FALSE	NA	NA	NA	NA	NA	NA
NC_045512.2	13301	A	C	2603	1545	39	1	1	24	0.000384025	2604	1	FALSE	NA	NA	NA	NA	NA	NA
NC_045512.2	13302	A	C	2583	1549	39	1	0	24	0.000386997	2584	1	FALSE	NA	NA	NA	NA	NA	NA
NC_045512.2	13305	G	A	2638	1617	39	1	1	40	0.000378931	2639	0.500095	FALSE	NA	NA	NA	NA	NA	NA
NC_045512.2	13306	T	G	2612	1597	39	2	2	32	0.000765111	2614	0.687715	FALSE	NA	NA	NA	NA	NA	NA
NC_045512.2	13308	A	G	2555	1609	39	2	2	32	0.000782167	2557	0.68772	FALSE	NA	NA	NA	NA	NA	NA
NC_045512.2	13309	G	A	2543	1610	39	1	1	40	0.000393082	2544	0.500098	FALSE	NA	NA	NA	NA	NA	NA
NC_045512.2	13310	T	A	2587	1678	39	1	0	40	0.000386399	2588	0.500097	FALSE	NA	NA	NA	NA	NA	NA
NC_045512.2	13316	C	G	2525	1668	39	2	2	24	0.000791452	2527	1	FALSE	NA	NA	NA	NA	NA	NA
NC_045512.2	13322	C	G	2314	1755	39	1	0	24	0.000431965	2315	1	FALSE	NA	NA	NA	NA	NA	NA
NC_045512.2	13323	C	G	2246	1737	39	1	1	24	0.000445038	2247	1	FALSE	NA	NA	NA	NA	NA	NA
NC_045512.2	13326	C	G	2241	1743	39	1	0	24	0.00044603	2242	1	FALSE	NA	NA	NA	NA	NA	NA
NC_045512.2	13331	T	G	2139	1670	39	1	0	40	0.000466853	2142	0.499883	FALSE	NA	NA	NA	NA	NA	NA
NC_045512.2	13331	T	C	2139	1670	39	2	2	40	0.000933707	2142	0.249942	FALSE	NA	NA	NA	NA	NA	NA
NC_045512.2	13335	C	T	2043	1685	39	1	1	40	0.000489237	2044	0.500122	FALSE	NA	NA	NA	NA	NA	NA
NC_045512.2	13339	T	C	0	0	0	2036	1680	39	1	2036	0	TRUE	NA	NA	NA	NA	NA	NA
NC_045512.2	13347	T	C	1968	1654	39	1	1	40	0.000507872	1969	0.500127	FALSE	NA	NA	NA	NA	NA	NA
NC_045512.2	13348	G	A	1972	1657	39	1	1	40	0.000506842	1973	0.500127	FALSE	NA	NA	NA	NA	NA	NA
NC_045512.2	13349	G	C	1965	1651	39	2	2	40	0.00101523	1970	0.249682	FALSE	NA	NA	NA	NA	NA	NA
NC_045512.2	13349	G	A	1965	1651	39	3	3	40	0.00152284	1970	0.12481	FALSE	NA	NA	NA	NA	NA	NA
NC_045512.2	13353	T	C	1924	1616	39	2	2	40	0.00103842	1926	0.250065	FALSE	NA	NA	NA	NA	NA	NA
NC_045512.2	13354	T	C	1917	1610	39	1	1	40	0.000521376	1918	0.50013	FALSE	NA	NA	NA	NA	NA	NA
NC_045512.2	13355	A	G	1895	1624	39	1	1	24	0.000527426	1896	0.999998	FALSE	NA	NA	NA	NA	NA	NA
NC_045512.2	13361	A	C	1805	1545	39	1	0	40	0.00055371	1806	0.500138	FALSE	NA	NA	NA	NA	NA	NA
NC_045512.2	13362	A	C	1806	1545	39	1	0	40	0.000553403	1807	0.500138	FALSE	NA	NA	NA	NA	NA	NA
NC_045512.2	13364	A	C	1797	1539	39	1	0	24	0.000556174	1798	0.999996	FALSE	NA	NA	NA	NA	NA	NA
NC_045512.2	13367	A	G	1744	1496	39	1	1	40	0.000573066	1745	0.500143	FALSE	NA	NA	NA	NA	NA	NA
NC_045512.2	13369	A	C	1703	1466	39	1	1	24	0.000586854	1704	0.999996	FALSE	NA	NA	NA	NA	NA	NA
NC_045512.2	13379	G	A	1516	1316	39	1	1	40	0.000659196	1517	0.500165	FALSE	NA	NA	NA	NA	NA	NA
NC_045512.2	13387	T	G	1380	1212	39	1	1	24	0.000724113	1381	0.999941	FALSE	NA	NA	NA	NA	NA	NA
NC_045512.2	13388	A	C	1376	1215	39	1	0	40	0.000726216	1377	0.500182	FALSE	NA	NA	NA	NA	NA	NA
NC_045512.2	13389	T	C	1365	1202	39	2	2	32	0.00146306	1367	0.500275	FALSE	NA	NA	NA	NA	NA	NA
NC_045512.2	13393	G	T	1321	1176	36	1	1	40	0.00075643	1322	0.500189	FALSE	NA	NA	NA	NA	NA	NA
NC_045512.2	13395	A	G	1327	1196	39	1	1	40	0.000753012	1328	0.500188	FALSE	NA	NA	NA	NA	NA	NA
NC_045512.2	13400	T	C	1193	1092	39	1	1	40	0.000837521	1194	0.500209	FALSE	NA	NA	NA	NA	NA	NA
NC_045512.2	13401	A	G	1200	1099	39	1	1	24	0.000832639	1201	0.999882	FALSE	NA	NA	NA	NA	NA	NA
NC_045512.2	13412	T	G	871	798	39	1	1	24	0.00114679	872	0.998097	FALSE	NA	NA	NA	NA	NA	NA
NC_045512.2	13417	T	C	734	671	39	1	1	40	0.00136054	735	0.50034	FALSE	NA	NA	NA	NA	NA	NA
NC_045512.2	13420	A	G	673	614	39	1	1	24	0.00148368	674	0.992349	FALSE	NA	NA	NA	NA	NA	NA
NC_045512.2	13421	C	T	672	613	39	1	1	24	0.00148588	673	0.992349	FALSE	NA	NA	NA	NA	NA	NA
NC_045512.2	13427	G	A	468	427	39	89	87	39	0.159785	557	3.83725e-29	TRUE	NA	NA	NA	NA	NA	NA
NC_045512.2	13437	T	G	384	352	39	1	1	40	0.0025974	385	0.50065	FALSE	NA	NA	NA	NA	NA	NA
NC_045512.2	13776	A	C	885	30	39	2	0	24	0.00225479	887	0.98948	FALSE	NA	NA	NA	NA	NA	NA
NC_045512.2	13782	A	C	995	38	39	1	0	24	0.00100402	996	0.99905	FALSE	NA	NA	NA	NA	NA	NA
NC_045512.2	13791	A	C	1088	52	39	2	0	40	0.00183486	1090	0.250115	FALSE	NA	NA	NA	NA	NA	NA
NC_045512.2	13802	A	G	1194	71	39	1	0	24	0.00083682	1195	0.999764	FALSE	NA	NA	NA	NA	NA	NA
NC_045512.2	13803	A	C	1237	73	39	1	0	24	0.000807754	1238	0.999882	FALSE	NA	NA	NA	NA	NA	NA
NC_045512.2	13809	A	G	1330	104	39	1	0	40	0.000750751	1332	0.5	FALSE	NA	NA	NA	NA	NA	NA
NC_045512.2	13809	A	C	1330	104	39	1	0	24	0.000750751	1332	0.999941	FALSE	NA	NA	NA	NA	NA	NA
NC_045512.2	13812	G	T	1435	115	39	1	1	40	0.000696379	1436	0.500174	FALSE	NA	NA	NA	NA	NA	NA
NC_045512.2	13820	T	C	1404	124	39	122	10	39	0.0799476	1526	1.01763e-36	TRUE	NA	NA	NA	NA	NA	NA
NC_045512.2	13831	T	G	1808	184	39	2	0	32	0.00110497	1810	0.500207	FALSE	NA	NA	NA	NA	NA	NA
NC_045512.2	13834	A	C	1824	196	39	1	0	24	0.000547945	1825	0.999998	FALSE	NA	NA	NA	NA	NA	NA
NC_045512.2	13836	G	C	1832	196	39	1	0	24	0.000545554	1833	0.999998	FALSE	NA	NA	NA	NA	NA	NA
NC_045512.2	13837	C	T	1819	193	39	1	0	24	0.000549451	1820	0.999998	FALSE	NA	NA	NA	NA	NA	NA
NC_045512.2	13838	A	C	1834	194	39	1	0	40	0.000544959	1835	0.500136	FALSE	NA	NA	NA	NA	NA	NA
NC_045512.2	13845	T	C	1892	238	39	1	0	40	0.000528262	1893	0.500132	FALSE	NA	NA	NA	NA	NA	NA
NC_045512.2	13851	T	G	2008	255	39	1	0	40	0.000497512	2010	0.5	FALSE	NA	NA	NA	NA	NA	NA
NC_045512.2	13851	T	C	2008	255	39	1	0	40	0.000497512	2010	0.5	FALSE	NA	NA	NA	NA	NA	NA
NC_045512.2	13852	A	G	2016	265	39	1	0	40	0.000495786	2017	0.500124	FALSE	NA	NA	NA	NA	NA	NA
NC_045512.2	13853	A	G	2001	261	39	1	0	24	0.0004995	2002	1	FALSE	NA	NA	NA	NA	NA	NA
NC_045512.2	13855	T	G	2052	268	39	1	0	24	0.000487092	2053	1	FALSE	NA	NA	NA	NA	NA	NA
NC_045512.2	13857	T	G	2126	339	39	1	0	24	0.000469925	2128	1	FALSE	NA	NA	NA	NA	NA	NA
NC_045512.2	13857	T	C	2126	339	39	1	1	40	0.000469925	2128	0.5	FALSE	NA	NA	NA	NA	NA	NA
NC_045512.2	13859	A	T	2112	341	39	1	0	40	0.000473261	2113	0.500118	FALSE	NA	NA	NA	NA	NA	NA
NC_045512.2	13860	C	A	2104	342	38	1	0	24	0.000475059	2105	1	FALSE	NA	NA	NA	NA	NA	NA
NC_045512.2	13861	A	G	2133	358	39	2	0	40	0.000936768	2135	0.250059	FALSE	NA	NA	NA	NA	NA	NA
NC_045512.2	13863	A	G	2189	357	39	1	0	40	0.000456621	2190	0.500114	FALSE	NA	NA	NA	NA	NA	NA
NC_045512.2	13878	T	C	2367	496	39	1	0	24	0.000422297	2368	1	FALSE	NA	NA	NA	NA	NA	NA
NC_045512.2	13879	G	T	2365	480	39	2	2	24	0.000844951	2367	0.999999	FALSE	NA	NA	NA	NA	NA	NA
NC_045512.2	13880	T	G	2392	505	39	1	0	24	0.000417885	2393	1	FALSE	NA	NA	NA	NA	NA	NA
NC_045512.2	13882	A	C	2398	515	39	1	0	24	0.00041684	2399	1	FALSE	NA	NA	NA	NA	NA	NA
NC_045512.2	13885	T	G	2431	505	39	1	0	40	0.000411184	2432	0.500103	FALSE	NA	NA	NA	NA	NA	NA
NC_045512.2	13888	A	T	2513	542	39	1	0	40	0.000397456	2516	0.499901	FALSE	NA	NA	NA	NA	NA	NA
NC_045512.2	13888	A	G	2513	542	39	2	0	32	0.000794913	2516	0.687575	FALSE	NA	NA	NA	NA	NA	NA
NC_045512.2	13891	T	C	2531	550	39	1	1	40	0.000394945	2532	0.500099	FALSE	NA	NA	NA	NA	NA	NA
NC_045512.2	13893	T	G	2540	557	39	2	0	24	0.000786782	2542	1	FALSE	NA	NA	NA	NA	NA	NA
NC_045512.2	13894	T	G	2541	563	39	2	0	32	0.000786473	2543	0.687721	FALSE	NA	NA	NA	NA	NA	NA
NC_045512.2	13895	G	T	2441	459	38	1	1	24	0.0004095	2442	1	FALSE	NA	NA	NA	NA	NA	NA
NC_045512.2	13896	T	C	2540	565	39	1	1	40	0.000393546	2541	0.500098	FALSE	NA	NA	NA	NA	NA	NA
NC_045512.2	13898	A	G	2542	574	39	1	0	24	0.000393236	2543	1	FALSE	NA	NA	NA	NA	NA	NA
NC_045512.2	13906	T	G	2325	621	39	1	1	24	0.000429923	2326	1	FALSE	NA	NA	NA	NA	NA	NA
NC_045512.2	13908	T	C	2364	663	39	1	1	24	0.000422833	2365	1	FALSE	NA	NA	NA	NA	NA	NA
NC_045512.2	13909	T	G	2364	664	39	1	1	40	0.000422654	2366	0.5	FALSE	NA	NA	NA	NA	NA	NA
NC_045512.2	13909	T	C	2364	664	39	1	0	40	0.000422654	2366	0.5	FALSE	NA	NA	NA	NA	NA	NA
NC_045512.2	13911	C	A	2257	661	37	1	0	24	0.00044287	2258	1	FALSE	NA	NA	NA	NA	NA	NA
NC_045512.2	13913	A	C	2288	677	38	1	1	24	0.000436872	2289	1	FALSE	NA	NA	NA	NA	NA	NA
NC_045512.2	13924	T	C	2005	771	39	2	2	32	0.000996512	2007	0.68778	FALSE	NA	NA	NA	NA	NA	NA
NC_045512.2	13932	T	C	1954	850	39	1	1	40	0.000511509	1955	0.500128	FALSE	NA	NA	NA	NA	NA	NA
NC_045512.2	13934	T	G	1940	841	39	1	0	24	0.000515198	1941	0.999999	FALSE	NA	NA	NA	NA	NA	NA
NC_045512.2	13936	G	T	1905	806	38	1	1	24	0.000524659	1906	0.999999	FALSE	NA	NA	NA	NA	NA	NA
NC_045512.2	13942	A	C	1881	869	39	2	2	32	0.00106213	1883	0.500199	FALSE	NA	NA	NA	NA	NA	NA
NC_045512.2	13949	A	C	1962	988	39	3	3	40	0.00152672	1965	0.125	FALSE	NA	NA	NA	NA	NA	NA
NC_045512.2	13950	T	C	1979	1009	39	2	0	40	0.00100959	1981	0.250063	FALSE	NA	NA	NA	NA	NA	NA
NC_045512.2	13960	G	A	1827	957	39	1	0	40	0.000547046	1828	0.500137	FALSE	NA	NA	NA	NA	NA	NA
NC_045512.2	13961	T	G	1808	972	39	1	1	40	0.000552792	1809	0.500138	FALSE	NA	NA	NA	NA	NA	NA
NC_045512.2	13963	T	G	1761	982	39	1	1	40	0.000567537	1762	0.500142	FALSE	NA	NA	NA	NA	NA	NA
NC_045512.2	13964	A	C	1790	1014	39	1	1	40	0.000558347	1791	0.50014	FALSE	NA	NA	NA	NA	NA	NA
NC_045512.2	13965	C	T	1825	1036	39	1	1	40	0.000547645	1826	0.500137	FALSE	NA	NA	NA	NA	NA	NA
NC_045512.2	13966	G	A	1814	1031	39	4	2	40	0.00220022	1818	0.0624656	FALSE	NA	NA	NA	NA	NA	NA
NC_045512.2	13973	T	G	1708	1115	39	1	1	24	0.000585138	1709	0.999996	FALSE	NA	NA	NA	NA	NA	NA
NC_045512.2	13976	G	T	1687	1097	37	3	3	24	0.001772	1693	0.999644	FALSE	NA	NA	NA	NA	NA	NA
NC_045512.2	13976	G	C	1687	1097	37	3	3	29	0.001772	1693	0.999644	FALSE	NA	NA	NA	NA	NA	NA
NC_045512.2	13977	T	G	1745	1152	39	1	1	40	0.000572738	1746	0.500143	FALSE	NA	NA	NA	NA	NA	NA
NC_045512.2	13978	G	C	1753	1162	38	1	1	40	0.000570125	1754	0.500143	FALSE	NA	NA	NA	NA	NA	NA
NC_045512.2	13982	G	A	2268	1743	36	2	2	24	0.000881057	2270	0.999999	FALSE	NA	NA	NA	NA	NA	NA
NC_045512.2	13983	T	G	2326	1801	39	1	1	24	0.000429738	2327	1	FALSE	NA	NA	NA	NA	NA	NA
NC_045512.2	13985	T	G	2408	1885	38	4	4	24	0.00165837	2412	0.999987	FALSE	NA	NA	NA	NA	NA	NA
NC_045512.2	13987	C	A	2486	1954	39	1	1	24	0.000402091	2487	1	FALSE	NA	NA	NA	NA	NA	NA
NC_045512.2	13990	C	A	2442	1927	39	1	1	24	0.000409333	2443	1	FALSE	NA	NA	NA	NA	NA	NA
NC_045512.2	13993	G	A	2431	1916	38	1	1	24	0.000411184	2432	1	FALSE	NA	NA	NA	NA	NA	NA
NC_045512.2	13998	G	T	2390	1873	38	2	2	32	0.00083612	2392	0.687735	FALSE	NA	NA	NA	NA	NA	NA
NC_045512.2	13999	T	G	2345	1911	39	1	1	40	0.000426076	2347	0.5	FALSE	NA	NA	NA	NA	NA	NA
NC_045512.2	13999	T	C	2345	1911	39	1	1	40	0.000426076	2347	0.5	FALSE	NA	NA	NA	NA	NA	NA
NC_045512.2	14000	T	G	2233	1803	37	6	6	26	0.00267738	2241	0.999558	FALSE	NA	NA	NA	NA	NA	NA
NC_045512.2	14000	T	C	2233	1803	37	1	1	24	0.000446229	2241	1	FALSE	NA	NA	NA	NA	NA	NA
NC_045512.2	14000	T	A	2233	1803	37	1	1	40	0.000446229	2241	0.499329	FALSE	NA	NA	NA	NA	NA	NA
NC_045512.2	14003	A	G	2362	1931	39	1	1	40	0.000423191	2363	0.500106	FALSE	NA	NA	NA	NA	NA	NA
NC_045512.2	14006	C	A	2325	1911	39	1	1	40	0.000429923	2326	0.500108	FALSE	NA	NA	NA	NA	NA	NA
NC_045512.2	14010	A	G	2266	1851	39	1	1	40	0.000441112	2267	0.50011	FALSE	NA	NA	NA	NA	NA	NA
NC_045512.2	14011	C	G	2276	1861	39	1	1	40	0.000439174	2277	0.50011	FALSE	NA	NA	NA	NA	NA	NA
NC_045512.2	14012	A	G	2253	1845	39	1	1	40	0.000443656	2254	0.500111	FALSE	NA	NA	NA	NA	NA	NA
NC_045512.2	14013	A	C	2204	1838	39	1	1	24	0.000453515	2205	1	FALSE	NA	NA	NA	NA	NA	NA
NC_045512.2	14016	C	T	2156	1816	39	1	0	40	0.000463392	2158	0.5	FALSE	NA	NA	NA	NA	NA	NA
NC_045512.2	14016	C	G	2156	1816	39	1	0	24	0.000463392	2158	1	FALSE	NA	NA	NA	NA	NA	NA
NC_045512.2	14018	G	T	1867	1531	34	14	14	24	0.00744285	1881	0.812892	FALSE	NA	NA	NA	NA	NA	NA
NC_045512.2	14025	C	G	2014	1704	39	1	0	40	0.000496278	2015	0.500124	FALSE	NA	NA	NA	NA	NA	NA
NC_045512.2	14027	T	G	2001	1683	39	1	1	24	0.0004995	2002	1	FALSE	NA	NA	NA	NA	NA	NA
NC_045512.2	14033	A	C	1971	1682	39	1	1	40	0.000507099	1972	0.500127	FALSE	NA	NA	NA	NA	NA	NA
NC_045512.2	14042	T	G	1858	1645	39	2	2	24	0.00107527	1860	0.999981	FALSE	NA	NA	NA	NA	NA	NA
NC_045512.2	14045	T	C	1835	1631	39	1	0	40	0.000544662	1836	0.500136	FALSE	NA	NA	NA	NA	NA	NA
NC_045512.2	14047	G	C	1805	1606	39	4	4	36	0.00220994	1810	0.187327	FALSE	NA	NA	NA	NA	NA	NA
NC_045512.2	14047	G	A	1805	1606	39	1	0	24	0.000552486	1810	0.999998	FALSE	NA	NA	NA	NA	NA	NA
NC_045512.2	14049	T	C	1790	1588	39	7	7	35	0.00389321	1798	0.0350041	FALSE	NA	NA	NA	NA	NA	NA
NC_045512.2	14049	T	A	1790	1588	39	1	1	24	0.000556174	1798	0.999996	FALSE	NA	NA	NA	NA	NA	NA
NC_045512.2	14052	A	C	1803	1605	39	2	2	32	0.00110803	1805	0.500208	FALSE	NA	NA	NA	NA	NA	NA
NC_045512.2	14055	G	C	1782	1589	39	1	1	40	0.000560852	1783	0.50014	FALSE	NA	NA	NA	NA	NA	NA
NC_045512.2	14061	A	G	1707	1522	39	1	0	40	0.00058548	1708	0.500146	FALSE	NA	NA	NA	NA	NA	NA
NC_045512.2	14063	A	G	1701	1514	39	1	1	24	0.000587544	1702	0.999996	FALSE	NA	NA	NA	NA	NA	NA
NC_045512.2	14066	A	G	1645	1465	39	1	1	40	0.000607533	1646	0.500152	FALSE	NA	NA	NA	NA	NA	NA
NC_045512.2	14069	A	T	1651	1471	39	1	1	40	0.000605327	1652	0.500151	FALSE	NA	NA	NA	NA	NA	NA
NC_045512.2	14071	G	A	1615	1445	39	1	1	40	0.000618812	1616	0.500155	FALSE	NA	NA	NA	NA	NA	NA
NC_045512.2	14076	C	T	1538	1396	39	1	1	40	0.000649773	1539	0.500162	FALSE	NA	NA	NA	NA	NA	NA
NC_045512.2	14095	T	G	1371	1243	39	1	1	40	0.000728863	1372	0.500182	FALSE	NA	NA	NA	NA	NA	NA
NC_045512.2	14097	C	T	1285	1160	39	3	3	40	0.00232919	1288	0.125	FALSE	NA	NA	NA	NA	NA	NA
NC_045512.2	14100	T	G	1274	1158	39	1	1	40	0.000784314	1275	0.500196	FALSE	NA	NA	NA	NA	NA	NA
NC_045512.2	14108	T	G	1234	1127	39	1	1	24	0.000809717	1235	0.999882	FALSE	NA	NA	NA	NA	NA	NA
NC_045512.2	17012	C	A	214	40	31	4	0	24	0.0183486	218	0.34483	FALSE	NA	NA	NA	NA	NA	NA
NC_045512.2	17013	A	T	278	41	39	1	1	40	0.00358423	279	0.500898	FALSE	NA	NA	NA	NA	NA	NA
NC_045512.2	17021	T	C	287	44	39	1	1	24	0.00347222	288	0.876303	FALSE	NA	NA	NA	NA	NA	NA
NC_045512.2	17041	T	G	297	50	38	1	1	24	0.0033557	298	0.876259	FALSE	NA	NA	NA	NA	NA	NA
NC_045512.2	17054	G	T	320	61	39	1	1	24	0.00311526	321	0.938473	FALSE	NA	NA	NA	NA	NA	NA
NC_045512.2	17060	A	C	328	69	39	1	0	40	0.00303951	329	0.500761	FALSE	NA	NA	NA	NA	NA	NA
NC_045512.2	17061	A	C	328	69	39	1	0	40	0.00303951	329	0.500761	FALSE	NA	NA	NA	NA	NA	NA
NC_045512.2	17069	C	G	355	75	39	3	0	29	0.00837989	358	0.658223	FALSE	NA	NA	NA	NA	NA	NA
NC_045512.2	17075	T	C	371	75	39	1	0	24	0.00268817	372	0.938339	FALSE	NA	NA	NA	NA	NA	NA
NC_045512.2	17079	G	T	366	68	37	2	2	24	0.00543478	368	0.814202	FALSE	NA	NA	NA	NA	NA	NA
NC_045512.2	17084	C	G	384	84	39	1	0	40	0.0025974	385	0.50065	FALSE	NA	NA	NA	NA	NA	NA
NC_045512.2	17097	T	C	438	107	39	1	0	24	0.0022779	439	0.969283	FALSE	NA	NA	NA	NA	NA	NA
NC_045512.2	17100	G	T	435	104	39	1	1	24	0.00229358	436	0.969286	FALSE	NA	NA	NA	NA	NA	NA
NC_045512.2	17111	C	T	463	135	39	1	0	40	0.00215517	464	0.500539	FALSE	NA	NA	NA	NA	NA	NA
NC_045512.2	17116	G	T	468	137	39	1	0	40	0.0021322	469	0.500534	FALSE	NA	NA	NA	NA	NA	NA
NC_045512.2	17146	A	G	326	169	39	1	0	24	0.0030581	327	0.938455	FALSE	NA	NA	NA	NA	NA	NA
NC_045512.2	17150	T	C	332	172	39	1	0	40	0.003003	333	0.500752	FALSE	NA	NA	NA	NA	NA	NA
NC_045512.2	17158	G	C	333	176	39	1	1	24	0.00299401	334	0.938435	FALSE	NA	NA	NA	NA	NA	NA
NC_045512.2	17167	C	G	343	199	39	1	0	40	0.00290698	344	0.500728	FALSE	NA	NA	NA	NA	NA	NA
NC_045512.2	17172	C	G	362	220	39	1	0	40	0.00275482	363	0.50069	FALSE	NA	NA	NA	NA	NA	NA
NC_045512.2	17177	T	C	386	232	39	1	1	24	0.00258398	387	0.938307	FALSE	NA	NA	NA	NA	NA	NA
NC_045512.2	17180	A	C	389	236	39	1	0	40	0.0025641	390	0.500642	FALSE	NA	NA	NA	NA	NA	NA
NC_045512.2	17186	T	G	374	227	39	1	0	40	0.00266667	375	0.500668	FALSE	NA	NA	NA	NA	NA	NA
NC_045512.2	17221	A	G	443	322	39	1	1	40	0.00225225	444	0.500564	FALSE	NA	NA	NA	NA	NA	NA
NC_045512.2	17222	A	C	442	322	39	1	1	24	0.00225734	443	0.969278	FALSE	NA	NA	NA	NA	NA	NA
NC_045512.2	17233	A	G	424	318	39	2	1	32	0.00469484	426	0.250294	FALSE	NA	NA	NA	NA	NA	NA
NC_045512.2	17238	A	C	411	314	39	2	2	40	0.00484262	413	0.250303	FALSE	NA	NA	NA	NA	NA	NA
NC_045512.2	17252	G	A	354	284	38	1	1	24	0.0028169	355	0.93838	FALSE	NA	NA	NA	NA	NA	NA
NC_045512.2	17267	A	G	320	256	39	1	0	40	0.00311526	321	0.50078	FALSE	NA	NA	NA	NA	NA	NA
NC_045512.2	17288	C	A	295	248	39	1	0	40	0.00337838	296	0.500846	FALSE	NA	NA	NA	NA	NA	NA
NC_045512.2	17290	T	G	290	241	39	1	1	24	0.00343643	291	0.87629	FALSE	NA	NA	NA	NA	NA	NA
NC_045512.2	17308	T	G	203	185	39	1	1	24	0.00490196	204	0.87684	FALSE	NA	NA	NA	NA	NA	NA
NC_045512.2	19794	G	C	278	27	39	1	1	24	0.00358423	279	0.876345	FALSE	NA	NA	NA	NA	NA	NA
NC_045512.2	19813	C	G	345	33	39	1	0	40	0.00289017	346	0.500724	FALSE	NA	NA	NA	NA	NA	NA
NC_045512.2	19815	A	C	350	32	39	1	1	24	0.002849	351	0.93839	FALSE	NA	NA	NA	NA	NA	NA
NC_045512.2	19834	C	G	383	50	39	1	0	40	0.00260417	384	0.500652	FALSE	NA	NA	NA	NA	NA	NA
NC_045512.2	19837	A	G	388	50	39	1	0	24	0.00257069	389	0.938303	FALSE	NA	NA	NA	NA	NA	NA
NC_045512.2	19867	A	G	430	68	39	1	0	24	0.00232019	431	0.969293	FALSE	NA	NA	NA	NA	NA	NA
NC_045512.2	19873	A	C	424	65	39	1	0	24	0.00235294	425	0.9693	FALSE	NA	NA	NA	NA	NA	NA
NC_045512.2	19883	A	C	406	69	39	1	0	24	0.002457	407	0.969324	FALSE	NA	NA	NA	NA	NA	NA
NC_045512.2	19885	A	C	401	70	39	1	0	24	0.00248756	402	0.969332	FALSE	NA	NA	NA	NA	NA	NA
NC_045512.2	19889	G	T	316	52	38	1	1	24	0.00315457	317	0.938485	FALSE	NA	NA	NA	NA	NA	NA
NC_045512.2	19943	C	G	446	290	39	1	0	24	0.00223714	447	0.969273	FALSE	NA	NA	NA	NA	NA	NA
NC_045512.2	19947	G	C	454	297	39	1	1	40	0.0021978	455	0.50055	FALSE	NA	NA	NA	NA	NA	NA
NC_045512.2	19951	C	A	449	303	39	1	0	24	0.00222222	450	0.96927	FALSE	NA	NA	NA	NA	NA	NA
NC_045512.2	19954	A	G	447	299	39	1	1	24	0.00223214	448	0.969272	FALSE	NA	NA	NA	NA	NA	NA
NC_045512.2	19955	C	T	0	0	0	460	312	39	1	460	8.58037e-276	TRUE	NA	NA	NA	NA	NA	NA
NC_045512.2	19966	T	C	475	375	39	1	1	40	0.00210084	476	0.500526	FALSE	NA	NA	NA	NA	NA	NA
NC_045512.2	19971	A	C	465	375	39	2	2	32	0.00428266	467	0.250268	FALSE	NA	NA	NA	NA	NA	NA
NC_045512.2	19981	G	C	436	356	38	2	2	40	0.00456621	438	0.250286	FALSE	NA	NA	NA	NA	NA	NA
NC_045512.2	19995	T	C	432	357	39	1	1	24	0.00230947	433	0.96929	FALSE	NA	NA	NA	NA	NA	NA
NC_045512.2	20001	T	G	426	357	39	1	1	40	0.00234192	427	0.500586	FALSE	NA	NA	NA	NA	NA	NA
NC_045512.2	20007	T	C	420	355	39	1	1	40	0.0023753	421	0.500595	FALSE	NA	NA	NA	NA	NA	NA
NC_045512.2	20009	A	C	416	350	39	1	1	40	0.00239808	417	0.5006	FALSE	NA	NA	NA	NA	NA	NA
NC_045512.2	20027	A	C	392	343	39	1	1	24	0.00254453	393	0.938295	FALSE	NA	NA	NA	NA	NA	NA
NC_045512.2	20055	A	G	0	0	0	301	274	39	1	301	3.7069e-180	TRUE	NA	NA	NA	NA	NA	NA
NC_045512.2	20057	G	T	285	266	36	2	2	24	0.00696864	287	0.689467	FALSE	NA	NA	NA	NA	NA	NA
NC_045512.2	21025	A	G	1373	86	39	1	0	40	0.000727802	1374	0.500182	FALSE	NA	NA	NA	NA	NA	NA
NC_045512.2	21030	G	A	1406	97	39	1	0	40	0.000710732	1407	0.500178	FALSE	NA	NA	NA	NA	NA	NA
NC_045512.2	21048	T	C	1789	153	39	1	1	40	0.000558659	1790	0.50014	FALSE	NA	NA	NA	NA	NA	NA
NC_045512.2	21053	A	G	2050	181	39	2	0	32	0.000974659	2052	0.687774	FALSE	NA	NA	NA	NA	NA	NA
NC_045512.2	21055	G	A	2066	185	39	2	0	40	0.000967118	2068	0.25006	FALSE	NA	NA	NA	NA	NA	NA
NC_045512.2	21058	C	T	2217	202	39	2	0	40	0.000900901	2220	0.249944	FALSE	NA	NA	NA	NA	NA	NA
NC_045512.2	21058	C	A	2217	202	39	1	0	24	0.00045045	2220	1	FALSE	NA	NA	NA	NA	NA	NA
NC_045512.2	21061	A	C	2220	203	39	1	0	24	0.000450248	2221	1	FALSE	NA	NA	NA	NA	NA	NA
NC_045512.2	21062	A	C	2223	204	39	1	0	24	0.00044964	2224	1	FALSE	NA	NA	NA	NA	NA	NA
NC_045512.2	21063	G	C	2277	207	39	1	1	40	0.000438982	2278	0.50011	FALSE	NA	NA	NA	NA	NA	NA
NC_045512.2	21066	T	G	2384	280	39	1	1	40	0.000419287	2385	0.500105	FALSE	NA	NA	NA	NA	NA	NA
NC_045512.2	21068	A	G	2388	293	39	1	1	40	0.000418585	2389	0.500105	FALSE	NA	NA	NA	NA	NA	NA
NC_045512.2	21072	T	G	2417	306	39	1	0	40	0.000413565	2418	0.500103	FALSE	NA	NA	NA	NA	NA	NA
NC_045512.2	21076	A	G	2425	326	39	1	0	40	0.000412201	2426	0.500103	FALSE	NA	NA	NA	NA	NA	NA
NC_045512.2	21078	A	C	2432	330	39	1	1	40	0.000411015	2433	0.500103	FALSE	NA	NA	NA	NA	NA	NA
NC_045512.2	21082	G	+A	2485	339	39	1	0	20	0.000402414	2485	1	FALSE	NA	NA	NA	NA	NA	NA
NC_045512.2	21084	A	G	2542	419	39	2	0	40	0.000786164	2544	0.250049	FALSE	NA	NA	NA	NA	NA	NA
NC_045512.2	21087	T	G	2574	421	39	1	0	40	0.00038835	2575	0.500097	FALSE	NA	NA	NA	NA	NA	NA
NC_045512.2	21088	G	A	2581	432	39	2	0	32	0.000774293	2583	0.687718	FALSE	NA	NA	NA	NA	NA	NA
NC_045512.2	21089	A	G	2654	455	39	9	0	34	0.00337965	2663	0.032624	FALSE	NA	NA	NA	NA	NA	NA
NC_045512.2	21091	T	G	2779	516	39	2	0	40	0.000719166	2781	0.250045	FALSE	NA	NA	NA	NA	NA	NA
NC_045512.2	21093	T	C	2788	518	39	2	1	24	0.000716846	2790	1	FALSE	NA	NA	NA	NA	NA	NA
NC_045512.2	21094	A	G	2811	528	39	1	0	40	0.000355619	2812	0.500089	FALSE	NA	NA	NA	NA	NA	NA
NC_045512.2	21095	A	G	2805	525	39	1	0	40	0.000356379	2806	0.500089	FALSE	NA	NA	NA	NA	NA	NA
NC_045512.2	21096	A	G	2809	523	39	1	1	40	0.000355745	2811	0.5	FALSE	NA	NA	NA	NA	NA	NA
NC_045512.2	21096	A	C	2809	523	39	1	1	40	0.000355745	2811	0.5	FALSE	NA	NA	NA	NA	NA	NA
NC_045512.2	21104	T	G	2904	577	39	1	1	24	0.000344234	2905	1	FALSE	NA	NA	NA	NA	NA	NA
NC_045512.2	21107	T	C	2919	592	39	1	0	40	0.000342466	2920	0.500086	FALSE	NA	NA	NA	NA	NA	NA
NC_045512.2	21110	C	A	2855	595	38	3	0	24	0.00104969	2858	1	FALSE	NA	NA	NA	NA	NA	NA
NC_045512.2	21111	T	C	2921	597	39	1	0	24	0.000342231	2922	1	FALSE	NA	NA	NA	NA	NA	NA
NC_045512.2	21112	T	C	2923	598	39	1	0	40	0.000341997	2924	0.500086	FALSE	NA	NA	NA	NA	NA	NA
NC_045512.2	21114	C	G	2984	621	39	1	0	40	0.000334896	2986	0.5	FALSE	NA	NA	NA	NA	NA	NA
NC_045512.2	21114	C	A	2984	621	39	1	0	24	0.000334896	2986	1	FALSE	NA	NA	NA	NA	NA	NA
NC_045512.2	21118	T	G	3014	634	39	6	0	32	0.0019861	3021	0.253743	FALSE	NA	NA	NA	NA	NA	NA
NC_045512.2	21118	T	C	3014	634	39	1	1	40	0.000331016	3021	0.499586	FALSE	NA	NA	NA	NA	NA	NA
NC_045512.2	21124	T	C	3177	663	39	1	1	40	0.000314663	3178	0.500079	FALSE	NA	NA	NA	NA	NA	NA
NC_045512.2	21126	T	G	3172	667	39	1	0	40	0.00031506	3174	0.5	FALSE	NA	NA	NA	NA	NA	NA
NC_045512.2	21126	T	C	3172	667	39	1	0	40	0.00031506	3174	0.5	FALSE	NA	NA	NA	NA	NA	NA
NC_045512.2	21127	A	G	3155	672	39	1	0	24	0.000316857	3156	1	FALSE	NA	NA	NA	NA	NA	NA
NC_045512.2	21129	A	G	3172	682	39	2	0	32	0.000629921	3175	0.812598	FALSE	NA	NA	NA	NA	NA	NA
NC_045512.2	21129	A	C	3172	682	39	1	0	24	0.000314961	3175	1	FALSE	NA	NA	NA	NA	NA	NA
NC_045512.2	21131	A	G	3155	672	39	2	0	40	0.000633513	3157	0.25004	FALSE	NA	NA	NA	NA	NA	NA
NC_045512.2	21132	A	C	3168	669	39	2	1	40	0.000630915	3170	0.250039	FALSE	NA	NA	NA	NA	NA	NA
NC_045512.2	21133	C	G	3190	673	39	4	0	32	0.00125235	3194	0.500171	FALSE	NA	NA	NA	NA	NA	NA
NC_045512.2	21134	A	C	3187	673	39	2	1	40	0.000627156	3189	0.250039	FALSE	NA	NA	NA	NA	NA	NA
NC_045512.2	21136	A	G	3200	673	39	1	0	24	0.000312402	3201	1	FALSE	NA	NA	NA	NA	NA	NA
NC_045512.2	21139	C	G	3268	703	39	2	0	32	0.000611621	3270	0.812691	FALSE	NA	NA	NA	NA	NA	NA
NC_045512.2	21140	T	C	3283	713	39	1	1	40	0.000304507	3284	0.500076	FALSE	NA	NA	NA	NA	NA	NA
NC_045512.2	21141	A	G	3270	709	39	1	0	40	0.000305623	3272	0.5	FALSE	NA	NA	NA	NA	NA	NA
NC_045512.2	21141	A	C	3270	709	39	1	0	24	0.000305623	3272	1	FALSE	NA	NA	NA	NA	NA	NA
NC_045512.2	21144	T	G	3426	825	39	2	0	40	0.000583431	3428	0.250036	FALSE	NA	NA	NA	NA	NA	NA
NC_045512.2	21145	C	T	3460	840	39	1	1	40	0.000288934	3461	0.500072	FALSE	NA	NA	NA	NA	NA	NA
NC_045512.2	21147	T	G	3457	840	39	3	0	40	0.000867052	3460	0.125	FALSE	NA	NA	NA	NA	NA	NA
NC_045512.2	21151	G	C	3324	840	39	1	1	40	0.000300752	3325	0.500075	FALSE	NA	NA	NA	NA	NA	NA
NC_045512.2	21152	G	C	3322	835	39	2	2	40	0.000601685	3324	0.250038	FALSE	NA	NA	NA	NA	NA	NA
NC_045512.2	21156	C	A	3137	841	39	1	0	24	0.000318674	3138	1	FALSE	NA	NA	NA	NA	NA	NA
NC_045512.2	21158	T	C	2660	829	39	1	1	40	0.000375799	2661	0.500094	FALSE	NA	NA	NA	NA	NA	NA
NC_045512.2	21164	T	G	2390	834	39	2	0	40	0.00083612	2392	0.250052	FALSE	NA	NA	NA	NA	NA	NA
NC_045512.2	21165	A	C	2403	838	39	2	2	32	0.000831601	2405	0.687734	FALSE	NA	NA	NA	NA	NA	NA
NC_045512.2	21167	A	G	2454	880	39	2	1	32	0.000814332	2456	0.687729	FALSE	NA	NA	NA	NA	NA	NA
NC_045512.2	21171	A	G	2495	1029	39	3	0	34	0.00120096	2498	0.500188	FALSE	NA	NA	NA	NA	NA	NA
NC_045512.2	21172	A	G	2503	1027	39	1	0	24	0.000399361	2504	1	FALSE	NA	NA	NA	NA	NA	NA
NC_045512.2	21173	C	A	2494	1026	39	1	0	24	0.000400802	2495	1	FALSE	NA	NA	NA	NA	NA	NA
NC_045512.2	21174	A	G	2486	1027	39	1	0	24	0.000402091	2487	1	FALSE	NA	NA	NA	NA	NA	NA
NC_045512.2	21176	A	G	2692	1228	39	1	0	40	0.000371333	2693	0.500093	FALSE	NA	NA	NA	NA	NA	NA
NC_045512.2	21181	T	C	2914	1465	39	2	2	32	0.000685871	2916	0.687693	FALSE	NA	NA	NA	NA	NA	NA
NC_045512.2	21186	G	T	2921	1489	39	1	0	24	0.000342114	2923	1	FALSE	NA	NA	NA	NA	NA	NA
NC_045512.2	21186	G	C	2921	1489	39	1	1	40	0.000342114	2923	0.5	FALSE	NA	NA	NA	NA	NA	NA
NC_045512.2	21187	A	G	2735	1490	39	1	0	40	0.000365497	2736	0.500091	FALSE	NA	NA	NA	NA	NA	NA
NC_045512.2	21188	A	C	2765	1503	39	1	1	40	0.000361533	2766	0.50009	FALSE	NA	NA	NA	NA	NA	NA
NC_045512.2	21189	T	C	2750	1491	39	1	1	40	0.000363504	2751	0.500091	FALSE	NA	NA	NA	NA	NA	NA
NC_045512.2	21195	T	C	2744	1527	39	2	1	32	0.000728332	2746	0.687705	FALSE	NA	NA	NA	NA	NA	NA
NC_045512.2	21196	C	T	2708	1536	39	1	1	40	0.000369004	2710	0.5	FALSE	NA	NA	NA	NA	NA	NA
NC_045512.2	21196	C	G	2708	1536	39	1	0	40	0.000369004	2710	0.5	FALSE	NA	NA	NA	NA	NA	NA
NC_045512.2	21197	T	G	2692	1516	39	1	1	24	0.000371333	2693	1	FALSE	NA	NA	NA	NA	NA	NA
NC_045512.2	21198	T	G	2693	1513	39	1	1	24	0.000371195	2694	1	FALSE	NA	NA	NA	NA	NA	NA
NC_045512.2	21209	T	C	2523	1668	39	1	0	40	0.000396197	2524	0.500099	FALSE	NA	NA	NA	NA	NA	NA
NC_045512.2	21210	G	T	2129	1279	33	9	9	25	0.00420757	2139	0.992119	FALSE	NA	NA	NA	NA	NA	NA
NC_045512.2	21210	G	C	2129	1279	33	1	1	40	0.000467508	2139	0.499063	FALSE	NA	NA	NA	NA	NA	NA
NC_045512.2	21213	A	G	2488	1635	39	1	1	40	0.000401768	2489	0.5001	FALSE	NA	NA	NA	NA	NA	NA
NC_045512.2	21215	A	C	2677	1857	39	1	1	24	0.000373413	2678	1	FALSE	NA	NA	NA	NA	NA	NA
NC_045512.2	21216	C	T	2658	1857	39	2	0	40	0.000751597	2661	0.249953	FALSE	NA	NA	NA	NA	NA	NA
NC_045512.2	21216	C	A	2658	1857	39	1	1	40	0.000375799	2661	0.499906	FALSE	NA	NA	NA	NA	NA	NA
NC_045512.2	21217	T	G	2621	1822	39	1	1	40	0.000381243	2623	0.5	FALSE	NA	NA	NA	NA	NA	NA
NC_045512.2	21217	T	C	2621	1822	39	1	1	40	0.000381243	2623	0.5	FALSE	NA	NA	NA	NA	NA	NA
NC_045512.2	21218	T	G	2624	1824	39	2	1	40	0.000761615	2626	0.250048	FALSE	NA	NA	NA	NA	NA	NA
NC_045512.2	21220	G	A	2623	1823	39	1	1	24	0.000381098	2624	1	FALSE	NA	NA	NA	NA	NA	NA
NC_045512.2	21223	T	G	2727	1934	39	1	0	40	0.000366569	2728	0.500092	FALSE	NA	NA	NA	NA	NA	NA
NC_045512.2	21227	G	A	2893	2068	39	1	1	40	0.000345543	2894	0.500086	FALSE	NA	NA	NA	NA	NA	NA
NC_045512.2	21229	A	T	2889	2064	39	1	0	40	0.000346021	2890	0.500087	FALSE	NA	NA	NA	NA	NA	NA
NC_045512.2	21238	G	T	3189	2400	39	1	1	40	0.000313283	3192	0.499922	FALSE	NA	NA	NA	NA	NA	NA
NC_045512.2	21238	G	C	3189	2400	39	2	2	40	0.000626566	3192	0.249961	FALSE	NA	NA	NA	NA	NA	NA
NC_045512.2	21239	T	C	3214	2419	39	1	1	40	0.000311042	3215	0.500078	FALSE	NA	NA	NA	NA	NA	NA
NC_045512.2	21241	A	G	3079	2402	39	1	1	40	0.000324675	3080	0.500081	FALSE	NA	NA	NA	NA	NA	NA
NC_045512.2	21243	T	C	3074	2392	39	1	1	40	0.000325203	3075	0.500081	FALSE	NA	NA	NA	NA	NA	NA
NC_045512.2	21244	A	G	3068	2395	39	1	1	24	0.000325415	3073	1	FALSE	NA	NA	NA	NA	NA	NA
NC_045512.2	21244	A	C	3068	2395	39	4	4	36	0.00130166	3073	0.5	FALSE	NA	NA	NA	NA	NA	NA
NC_045512.2	21246	T	C	3054	2392	39	5	5	36	0.00163452	3059	0.363371	FALSE	NA	NA	NA	NA	NA	NA
NC_045512.2	21249	G	C	3054	2397	39	1	1	40	0.000327332	3055	0.500082	FALSE	NA	NA	NA	NA	NA	NA
NC_045512.2	21250	A	C	3033	2392	39	1	1	24	0.000329598	3034	1	FALSE	NA	NA	NA	NA	NA	NA
NC_045512.2	21252	T	G	3019	2384	39	1	1	24	0.000331016	3021	1	FALSE	NA	NA	NA	NA	NA	NA
NC_045512.2	21252	T	C	3019	2384	39	1	1	40	0.000331016	3021	0.5	FALSE	NA	NA	NA	NA	NA	NA
NC_045512.2	21254	C	T	3005	2377	39	1	1	40	0.000332668	3006	0.500083	FALSE	NA	NA	NA	NA	NA	NA
NC_045512.2	21255	G	T	2983	2347	39	2	2	24	0.000670017	2985	1	FALSE	NA	NA	NA	NA	NA	NA
NC_045512.2	21255	G	+TCA	2983	2347	39	1	0	20	0.000335008	2985	1	FALSE	NA	NA	NA	NA	NA	NA
NC_045512.2	21257	C	T	3002	2367	39	1	1	40	0.000333	3003	0.500083	FALSE	NA	NA	NA	NA	NA	NA
NC_045512.2	21259	T	G	2988	2358	39	1	0	40	0.00033456	2989	0.500084	FALSE	NA	NA	NA	NA	NA	NA
NC_045512.2	21262	T	C	2991	2356	39	1	1	24	0.000334225	2992	1	FALSE	NA	NA	NA	NA	NA	NA
NC_045512.2	21265	G	T	2812	2226	37	1	1	24	0.000355492	2813	1	FALSE	NA	NA	NA	NA	NA	NA
NC_045512.2	21267	A	T	2906	2336	39	1	1	40	0.000343997	2907	0.500086	FALSE	NA	NA	NA	NA	NA	NA
NC_045512.2	21268	G	A	2910	2337	39	1	1	24	0.000343525	2911	1	FALSE	NA	NA	NA	NA	NA	NA
NC_045512.2	21270	A	G	2882	2310	39	1	0	40	0.000346861	2883	0.500087	FALSE	NA	NA	NA	NA	NA	NA
NC_045512.2	21271	T	G	2870	2296	39	2	2	32	0.000696379	2872	0.687696	FALSE	NA	NA	NA	NA	NA	NA
NC_045512.2	21272	T	G	2855	2285	39	1	1	40	0.000350018	2857	0.5	FALSE	NA	NA	NA	NA	NA	NA
NC_045512.2	21272	T	C	2855	2285	39	1	1	40	0.000350018	2857	0.5	FALSE	NA	NA	NA	NA	NA	NA
NC_045512.2	21273	T	G	2749	2291	39	2	1	32	0.000727008	2751	0.687705	FALSE	NA	NA	NA	NA	NA	NA
NC_045512.2	21274	T	G	2743	2287	39	2	1	40	0.000728597	2745	0.250046	FALSE	NA	NA	NA	NA	NA	NA
NC_045512.2	21277	A	T	2735	2281	39	1	1	40	0.000365364	2737	0.5	FALSE	NA	NA	NA	NA	NA	NA
NC_045512.2	21277	A	C	2735	2281	39	1	1	40	0.000365364	2737	0.5	FALSE	NA	NA	NA	NA	NA	NA
NC_045512.2	21278	T	G	2727	2271	39	1	1	40	0.000366435	2729	0.5	FALSE	NA	NA	NA	NA	NA	NA
NC_045512.2	21278	T	C	2727	2271	39	1	1	40	0.000366435	2729	0.5	FALSE	NA	NA	NA	NA	NA	NA
NC_045512.2	21279	T	G	2725	2266	39	1	1	40	0.000366838	2726	0.500092	FALSE	NA	NA	NA	NA	NA	NA
NC_045512.2	21282	A	C	2702	2265	39	3	3	40	0.00110906	2705	0.125	FALSE	NA	NA	NA	NA	NA	NA
NC_045512.2	21283	T	C	2674	2258	39	1	1	40	0.000373832	2675	0.500093	FALSE	NA	NA	NA	NA	NA	NA
NC_045512.2	21285	T	G	2677	2262	39	2	1	32	0.000746547	2679	0.68771	FALSE	NA	NA	NA	NA	NA	NA
NC_045512.2	21286	A	G	2685	2270	39	3	2	34	0.00111607	2688	0.500174	FALSE	NA	NA	NA	NA	NA	NA
NC_045512.2	21288	T	C	2626	2256	39	3	3	40	0.00114112	2629	0.125	FALSE	NA	NA	NA	NA	NA	NA
NC_045512.2	21289	T	C	2612	2244	39	1	1	40	0.000382702	2613	0.500096	FALSE	NA	NA	NA	NA	NA	NA
NC_045512.2	21290	A	G	2595	2237	39	1	1	40	0.00038506	2597	0.5	FALSE	NA	NA	NA	NA	NA	NA
NC_045512.2	21290	A	C	2595	2237	39	1	0	24	0.00038506	2597	1	FALSE	NA	NA	NA	NA	NA	NA
NC_045512.2	21293	T	C	2419	2097	39	7	7	35	0.00288541	2426	0.0897421	FALSE	NA	NA	NA	NA	NA	NA
NC_045512.2	21294	T	G	2411	2094	39	1	1	40	0.000414594	2412	0.500104	FALSE	NA	NA	NA	NA	NA	NA
NC_045512.2	21296	G	C	2398	2106	39	2	2	40	0.000833333	2400	0.250052	FALSE	NA	NA	NA	NA	NA	NA
NC_045512.2	21298	A	C	2377	2094	39	2	2	40	0.000840689	2379	0.250053	FALSE	NA	NA	NA	NA	NA	NA
NC_045512.2	21299	A	G	2378	2093	39	2	1	24	0.000840336	2380	0.999999	FALSE	NA	NA	NA	NA	NA	NA
NC_045512.2	21303	A	T	2354	2075	39	1	1	40	0.000424448	2356	0.5	FALSE	NA	NA	NA	NA	NA	NA
NC_045512.2	21303	A	C	2354	2075	39	1	1	24	0.000424448	2356	1	FALSE	NA	NA	NA	NA	NA	NA
NC_045512.2	21304	C	G	2320	2052	39	1	1	24	0.000430663	2322	1	FALSE	NA	NA	NA	NA	NA	NA
NC_045512.2	21304	C	A	2320	2052	39	1	0	24	0.000430663	2322	1	FALSE	NA	NA	NA	NA	NA	NA
NC_045512.2	21305	G	C	2341	2065	39	1	1	40	0.000426985	2342	0.500107	FALSE	NA	NA	NA	NA	NA	NA
NC_045512.2	21309	A	C	2339	2065	39	1	1	40	0.00042735	2340	0.500107	FALSE	NA	NA	NA	NA	NA	NA
NC_045512.2	21312	A	G	2304	2060	39	1	1	24	0.000433839	2305	1	FALSE	NA	NA	NA	NA	NA	NA
NC_045512.2	21318	T	A	2222	2001	39	1	1	24	0.000449843	2223	1	FALSE	NA	NA	NA	NA	NA	NA
NC_045512.2	21322	T	G	2032	1830	39	1	1	24	0.000491884	2033	1	FALSE	NA	NA	NA	NA	NA	NA
NC_045512.2	21326	T	C	1983	1793	39	1	1	40	0.000504032	1984	0.500126	FALSE	NA	NA	NA	NA	NA	NA
NC_045512.2	21329	T	C	1484	1329	39	1	1	40	0.000673401	1485	0.500168	FALSE	NA	NA	NA	NA	NA	NA
NC_045512.2	21368	T	C	865	815	39	1	1	40	0.00115473	866	0.500289	FALSE	NA	NA	NA	NA	NA	NA
NC_045512.2	21369	T	G	864	813	39	1	1	24	0.00115473	866	0.998087	FALSE	NA	NA	NA	NA	NA	NA
NC_045512.2	21369	T	C	864	813	39	1	1	24	0.00115473	866	0.998087	FALSE	NA	NA	NA	NA	NA	NA
NC_045512.2	25207	C	T	0	0	0	23	7	40	1	23	2.42912e-13	TRUE	NA	NA	NA	NA	NA	NA
NC_045512.2	25221	T	C	24	12	40	1	0	40	0.04	25	0.510204	FALSE	NA	NA	NA	NA	NA	NA
NC_045512.2	26060	C	T	0	0	0	61	4	39	1	61	5.21795e-36	TRUE	NA	NA	NA	NA	NA	NA
NC_045512.2	26133	C	G	84	11	39	1	0	24	0.0117647	85	0.502959	FALSE	NA	NA	NA	NA	NA	NA
NC_045512.2	26168	T	C	96	15	39	1	1	24	0.0103093	97	0.502591	FALSE	NA	NA	NA	NA	NA	NA
NC_045512.2	26209	G	C	56	27	39	1	1	40	0.0175439	57	0.504425	FALSE	NA	NA	NA	NA	NA	NA
NC_045512.2	26238	C	G	72	50	39	1	0	40	0.0136986	73	0.503448	FALSE	NA	NA	NA	NA	NA	NA
NC_045512.2	26270	C	T	0	0	0	72	53	39	1	72	1.35116e-42	TRUE	NA	NA	NA	NA	NA	NA
NC_045512.2	26279	T	C	72	53	39	1	1	40	0.0136986	73	0.503448	FALSE	NA	NA	NA	NA	NA	NA
NC_045512.2	26281	A	C	71	53	39	1	1	40	0.0138889	72	0.503497	FALSE	NA	NA	NA	NA	NA	NA
NC_045512.2	26457	T	C	21	7	39	1	0	40	0.0454545	22	0.511628	FALSE	NA	NA	NA	NA	NA	NA
NC_045512.2	26529	G	C	0	0	0	21	5	39	1	21	3.71569e-12	TRUE	NA	NA	NA	NA	NA	NA
NC_045512.2	26577	C	G	0	0	0	27	7	39	1	27	1.02725e-15	TRUE	NA	NA	NA	NA	NA	NA
NC_045512.2	26605	T	+C	20	5	40	1	0	20	0.05	20	0.525	FALSE	NA	NA	NA	NA	NA	NA
NC_045512.2	26610	A	G	0	0	0	19	5	40	1	19	5.65847e-11	TRUE	NA	NA	NA	NA	NA	NA
NC_045512.2	26626	T	C	499	24	39	1	0	24	0.002	500	0.984609	FALSE	NA	NA	NA	NA	NA	NA
NC_045512.2	26629	A	C	562	27	39	1	0	24	0.0017762	563	0.984665	FALSE	NA	NA	NA	NA	NA	NA
NC_045512.2	26643	A	C	660	63	39	1	0	24	0.00151286	661	0.992352	FALSE	NA	NA	NA	NA	NA	NA
NC_045512.2	26661	T	C	930	89	39	1	0	40	0.00107411	931	0.500269	FALSE	NA	NA	NA	NA	NA	NA
NC_045512.2	26663	T	C	936	88	39	2	2	32	0.0021322	938	0.250133	FALSE	NA	NA	NA	NA	NA	NA
NC_045512.2	26665	T	C	949	97	39	1	1	40	0.00105263	950	0.500263	FALSE	NA	NA	NA	NA	NA	NA
NC_045512.2	26667	A	G	950	101	39	1	0	40	0.00105152	951	0.500263	FALSE	NA	NA	NA	NA	NA	NA
NC_045512.2	26676	A	C	983	117	39	1	0	24	0.00101626	984	0.99905	FALSE	NA	NA	NA	NA	NA	NA
NC_045512.2	26681	C	T	0	0	0	995	118	39	1	995	0	TRUE	NA	NA	NA	NA	NA	NA
NC_045512.2	26683	T	C	997	125	39	1	0	24	0.001002	998	0.99905	FALSE	NA	NA	NA	NA	NA	NA
NC_045512.2	26688	C	G	1063	176	38	1	0	40	0.000938967	1065	0.5	FALSE	NA	NA	NA	NA	NA	NA
NC_045512.2	26688	C	A	1063	176	38	1	0	40	0.000938967	1065	0.5	FALSE	NA	NA	NA	NA	NA	NA
NC_045512.2	26697	C	G	1204	192	39	5	0	33	0.00413565	1209	0.109278	FALSE	NA	NA	NA	NA	NA	NA
NC_045512.2	26699	A	C	1214	193	39	1	0	24	0.000823045	1215	0.999882	FALSE	NA	NA	NA	NA	NA	NA
NC_045512.2	26702	A	G	1232	219	39	5	0	36	0.00404204	1237	0.10928	FALSE	NA	NA	NA	NA	NA	NA
NC_045512.2	26705	T	C	1275	221	39	1	1	40	0.000783699	1276	0.500196	FALSE	NA	NA	NA	NA	NA	NA
NC_045512.2	26709	G	A	0	0	0	1290	224	39	1	1290	0	TRUE	NA	NA	NA	NA	NA	NA
NC_045512.2	26710	C	G	1281	225	38	1	0	24	0.000780031	1282	0.999882	FALSE	NA	NA	NA	NA	NA	NA
NC_045512.2	26712	T	C	1297	226	39	2	2	40	0.00153965	1299	0.250096	FALSE	NA	NA	NA	NA	NA	NA
NC_045512.2	26713	G	C	1343	233	39	1	1	40	0.000744048	1344	0.500186	FALSE	NA	NA	NA	NA	NA	NA
NC_045512.2	26716	T	G	1340	234	39	1	0	40	0.000745712	1341	0.500186	FALSE	NA	NA	NA	NA	NA	NA
NC_045512.2	26729	T	G	1318	249	39	2	0	32	0.00151515	1320	0.500284	FALSE	NA	NA	NA	NA	NA	NA
NC_045512.2	26730	G	T	1323	250	39	1	0	40	0.000755287	1324	0.500189	FALSE	NA	NA	NA	NA	NA	NA
NC_045512.2	26735	C	T	1339	257	39	1	0	40	0.000746269	1340	0.500187	FALSE	NA	NA	NA	NA	NA	NA
NC_045512.2	26739	A	G	1374	271	39	1	0	40	0.000727273	1375	0.500182	FALSE	NA	NA	NA	NA	NA	NA
NC_045512.2	26751	A	C	1436	321	39	1	0	40	0.000695894	1437	0.500174	FALSE	NA	NA	NA	NA	NA	NA
NC_045512.2	26754	G	C	1466	346	39	3	3	29	0.00204221	1469	0.998862	FALSE	NA	NA	NA	NA	NA	NA
NC_045512.2	26755	G	T	1457	325	38	1	1	24	0.000685871	1458	0.999971	FALSE	NA	NA	NA	NA	NA	NA
NC_045512.2	26761	T	C	1588	457	39	1	0	24	0.000629327	1589	0.999985	FALSE	NA	NA	NA	NA	NA	NA
NC_045512.2	26768	C	G	1551	665	39	1	0	40	0.00064433	1552	0.500161	FALSE	NA	NA	NA	NA	NA	NA
NC_045512.2	26771	A	C	1430	668	39	1	1	24	0.000698812	1431	0.999971	FALSE	NA	NA	NA	NA	NA	NA
NC_045512.2	26772	A	G	1413	664	39	1	0	24	0.000707214	1414	0.999971	FALSE	NA	NA	NA	NA	NA	NA
NC_045512.2	26779	G	T	1439	685	39	1	1	24	0.000694444	1440	0.999971	FALSE	NA	NA	NA	NA	NA	NA
NC_045512.2	26782	T	G	1466	703	39	1	1	40	0.000681663	1467	0.50017	FALSE	NA	NA	NA	NA	NA	NA
NC_045512.2	26783	T	G	1436	681	39	1	1	40	0.000695894	1437	0.500174	FALSE	NA	NA	NA	NA	NA	NA
NC_045512.2	26785	T	G	1397	677	39	1	0	24	0.000715308	1398	0.999941	FALSE	NA	NA	NA	NA	NA	NA
NC_045512.2	26793	A	C	1420	692	39	1	1	24	0.00070373	1421	0.999971	FALSE	NA	NA	NA	NA	NA	NA
NC_045512.2	26804	C	A	1278	739	39	1	1	24	0.000781861	1279	0.999882	FALSE	NA	NA	NA	NA	NA	NA
NC_045512.2	26805	T	G	1312	772	39	1	1	40	0.000761615	1313	0.50019	FALSE	NA	NA	NA	NA	NA	NA
NC_045512.2	26807	C	G	1314	788	38	1	0	24	0.000760456	1315	0.999941	FALSE	NA	NA	NA	NA	NA	NA
NC_045512.2	26808	T	G	1331	792	39	1	0	40	0.000750751	1332	0.500188	FALSE	NA	NA	NA	NA	NA	NA
NC_045512.2	26809	T	G	1328	790	39	1	0	24	0.000752445	1329	0.999941	FALSE	NA	NA	NA	NA	NA	NA
NC_045512.2	26812	T	C	1308	796	39	1	1	40	0.000763942	1309	0.500191	FALSE	NA	NA	NA	NA	NA	NA
NC_045512.2	26830	T	C	1363	847	39	6	6	32	0.00438276	1369	0.0623799	FALSE	NA	NA	NA	NA	NA	NA
NC_045512.2	26833	C	T	0	0	0	1390	872	39	1	1390	0	TRUE	NA	NA	NA	NA	NA	NA
NC_045512.2	26835	C	T	1430	920	39	2	0	40	0.00139665	1432	0.250087	FALSE	NA	NA	NA	NA	NA	NA
NC_045512.2	26842	G	A	1293	899	39	3	3	40	0.00231481	1296	0.125	FALSE	NA	NA	NA	NA	NA	NA
NC_045512.2	26845	C	G	1627	1239	39	1	0	40	0.000614251	1628	0.500154	FALSE	NA	NA	NA	NA	NA	NA
NC_045512.2	26848	T	C	1647	1268	39	1	1	24	0.000606796	1648	0.999993	FALSE	NA	NA	NA	NA	NA	NA
NC_045512.2	26850	T	G	1617	1239	39	1	1	40	0.000618047	1618	0.500155	FALSE	NA	NA	NA	NA	NA	NA
NC_045512.2	26856	T	G	1591	1246	39	1	0	40	0.000628141	1592	0.500157	FALSE	NA	NA	NA	NA	NA	NA
NC_045512.2	26857	T	C	1590	1243	39	1	1	24	0.000628536	1591	0.999985	FALSE	NA	NA	NA	NA	NA	NA
NC_045512.2	26858	C	T	0	0	0	1585	1238	39	0.999369	1586	0	TRUE	NA	NA	NA	NA	NA	NA
NC_045512.2	26858	C	G	0	0	0	1	1	24	0.000630517	1586	0.0100883	FALSE	NA	NA	NA	NA	NA	NA
NC_045512.2	26861	T	G	1576	1243	39	1	0	40	0.000634115	1577	0.500159	FALSE	NA	NA	NA	NA	NA	NA
NC_045512.2	26862	C	T	1582	1249	39	3	0	40	0.00189274	1585	0.125	FALSE	NA	NA	NA	NA	NA	NA
NC_045512.2	26869	C	G	1549	1250	39	1	0	40	0.000645161	1550	0.500161	FALSE	NA	NA	NA	NA	NA	NA
NC_045512.2	26872	A	C	1550	1249	39	1	1	40	0.000644745	1551	0.500161	FALSE	NA	NA	NA	NA	NA	NA
NC_045512.2	26875	T	C	1541	1240	39	1	1	24	0.000648508	1542	0.999985	FALSE	NA	NA	NA	NA	NA	NA
NC_045512.2	26879	T	C	1491	1214	39	1	1	40	0.000670241	1492	0.500168	FALSE	NA	NA	NA	NA	NA	NA
NC_045512.2	26883	A	G	1475	1211	39	1	1	40	0.000677507	1476	0.500169	FALSE	NA	NA	NA	NA	NA	NA
NC_045512.2	26886	G	A	1468	1200	39	1	1	40	0.000680735	1469	0.50017	FALSE	NA	NA	NA	NA	NA	NA
NC_045512.2	26889	C	T	1451	1207	39	1	0	40	0.000688705	1452	0.500172	FALSE	NA	NA	NA	NA	NA	NA
NC_045512.2	26893	T	G	1437	1197	39	1	1	24	0.00069541	1438	0.999971	FALSE	NA	NA	NA	NA	NA	NA
NC_045512.2	26897	T	C	1403	1166	39	2	2	40	0.00142349	1405	0.250089	FALSE	NA	NA	NA	NA	NA	NA
NC_045512.2	26898	G	T	1352	1114	37	2	2	24	0.0014771	1354	0.999528	FALSE	NA	NA	NA	NA	NA	NA
NC_045512.2	26900	C	A	1402	1169	39	1	1	24	0.000712758	1403	0.999971	FALSE	NA	NA	NA	NA	NA	NA
NC_045512.2	26902	C	A	1380	1151	39	1	1	40	0.000724113	1381	0.500181	FALSE	NA	NA	NA	NA	NA	NA
NC_045512.2	26903	T	G	1345	1116	39	1	1	40	0.000742942	1346	0.500186	FALSE	NA	NA	NA	NA	NA	NA
NC_045512.2	26905	T	G	1348	1118	39	1	1	40	0.00074129	1349	0.500185	FALSE	NA	NA	NA	NA	NA	NA
NC_045512.2	26906	T	G	1333	1116	39	1	1	24	0.000749625	1334	0.999941	FALSE	NA	NA	NA	NA	NA	NA
NC_045512.2	26907	C	A	1333	1120	39	1	1	40	0.000749625	1334	0.500187	FALSE	NA	NA	NA	NA	NA	NA
NC_045512.2	26908	T	G	1184	990	39	1	1	40	0.000843882	1185	0.500211	FALSE	NA	NA	NA	NA	NA	NA
NC_045512.2	26910	A	C	1186	989	39	2	2	40	0.0016835	1188	0.250105	FALSE	NA	NA	NA	NA	NA	NA
NC_045512.2	26911	C	A	1193	996	39	1	1	40	0.000837521	1194	0.500209	FALSE	NA	NA	NA	NA	NA	NA
NC_045512.2	26912	C	G	1184	989	39	1	1	24	0.00084317	1186	0.999763	FALSE	NA	NA	NA	NA	NA	NA
NC_045512.2	26912	C	A	1184	989	39	1	1	40	0.00084317	1186	0.5	FALSE	NA	NA	NA	NA	NA	NA
NC_045512.2	26914	G	C	968	792	39	1	1	40	0.00103199	969	0.500258	FALSE	NA	NA	NA	NA	NA	NA
NC_045512.2	26919	C	T	947	775	39	1	1	24	0.00105485	948	0.999052	FALSE	NA	NA	NA	NA	NA	NA
NC_045512.2	26924	A	G	945	775	39	1	1	40	0.00105708	946	0.500264	FALSE	NA	NA	NA	NA	NA	NA
NC_045512.2	26928	A	G	891	758	39	1	1	24	0.00112108	892	0.998096	FALSE	NA	NA	NA	NA	NA	NA
NC_045512.2	26932	A	C	867	753	39	1	1	40	0.00115207	868	0.500288	FALSE	NA	NA	NA	NA	NA	NA
NC_045512.2	26934	C	T	863	749	39	1	1	24	0.00115741	864	0.998097	FALSE	NA	NA	NA	NA	NA	NA
NC_045512.2	26941	T	G	842	749	39	1	1	24	0.00118624	843	0.998099	FALSE	NA	NA	NA	NA	NA	NA
NC_045512.2	26949	G	T	801	717	38	1	1	24	0.00124688	802	0.998101	FALSE	NA	NA	NA	NA	NA	NA
NC_045512.2	26957	T	G	702	631	39	1	1	24	0.00142248	703	0.996193	FALSE	NA	NA	NA	NA	NA	NA
NC_045512.2	26970	C	T	612	558	39	1	1	24	0.00163132	613	0.992365	FALSE	NA	NA	NA	NA	NA	NA
NC_045512.2	26974	T	G	605	552	39	1	1	24	0.00165017	606	0.992367	FALSE	NA	NA	NA	NA	NA	NA
NC_045512.2	26975	T	G	560	511	39	1	1	24	0.00178253	561	0.984666	FALSE	NA	NA	NA	NA	NA	NA
